CREATE DATABASE  IF NOT EXISTS `Cashiery` /*!40100 DEFAULT CHARACTER SET utf8 */;
USE `Cashiery`; 


-- MySQL dump 10.13  Distrib 5.7.17, for Win64 (x86_64)
--
-- Host: localhost    Database: db_gp
-- ------------------------------------------------------
-- Server version	5.7.20-log

/*!40101 SET @OLD_CHARACTER_SET_CLIENT=@@CHARACTER_SET_CLIENT */;
/*!40101 SET @OLD_CHARACTER_SET_RESULTS=@@CHARACTER_SET_RESULTS */;
/*!40101 SET @OLD_COLLATION_CONNECTION=@@COLLATION_CONNECTION */;
/*!40101 SET NAMES utf8 */;
/*!40103 SET @OLD_TIME_ZONE=@@TIME_ZONE */;
/*!40103 SET TIME_ZONE='+00:00' */;
/*!40014 SET @OLD_UNIQUE_CHECKS=@@UNIQUE_CHECKS, UNIQUE_CHECKS=0 */;
/*!40014 SET @OLD_FOREIGN_KEY_CHECKS=@@FOREIGN_KEY_CHECKS, FOREIGN_KEY_CHECKS=0 */;
/*!40101 SET @OLD_SQL_MODE=@@SQL_MODE, SQL_MODE='NO_AUTO_VALUE_ON_ZERO' */;
/*!40111 SET @OLD_SQL_NOTES=@@SQL_NOTES, SQL_NOTES=0 */;

--
-- Table structure for table `associations`
--

DROP TABLE IF EXISTS `associations`;
/*!40101 SET @saved_cs_client     = @@character_set_client */;
/*!40101 SET character_set_client = utf8 */;
CREATE TABLE `associations` (
  `idassociations` int(11) NOT NULL AUTO_INCREMENT,
  `pre` varchar(45) DEFAULT NULL,
  `post` varchar(45) DEFAULT NULL,
  PRIMARY KEY (`idassociations`)
) ENGINE=InnoDB AUTO_INCREMENT=31 DEFAULT CHARSET=utf8;
/*!40101 SET character_set_client = @saved_cs_client */;

--
-- Dumping data for table `associations`
--

LOCK TABLES `associations` WRITE;
/*!40000 ALTER TABLE `associations` DISABLE KEYS */;
INSERT INTO `associations` VALUES (1,'6221031490439','6223001200086'),(2,'225764098273','1325764098273'),(3,'225764098273','325764098273'),(4,'325764098273','225764098273'),(5,'325764098273','425764098273'),(6,'425764098273','325764098273'),(7,'425764098273','625764098273'),(8,'625764098273','425764098273'),(9,'625764098273','725764098273'),(10,'725764098273','625764098273'),(11,'1325764098273','325764098273'),(12,'325764098273','1325764098273'),(13,'1325764098273','425764098273'),(14,'425764098273','1325764098273'),(15,'1325764098273','625764098273'),(16,'625764098273','1325764098273'),(17,'1325764098273','725764098273'),(18,'725764098273','1325764098273'),(19,'225764098273','425764098273'),(20,'425764098273','225764098273'),(21,'225764098273','625764098273'),(22,'625764098273','225764098273'),(23,'225764098273','725764098273'),(24,'725764098273','225764098273'),(25,'325764098273','625764098273'),(26,'625764098273','325764098273'),(27,'325764098273','725764098273'),(28,'725764098273','325764098273'),(29,'425764098273','725764098273'),(30,'725764098273','425764098273');
/*!40000 ALTER TABLE `associations` ENABLE KEYS */;
UNLOCK TABLES;

--
-- Table structure for table `branch`
--

DROP TABLE IF EXISTS `branch`;
/*!40101 SET @saved_cs_client     = @@character_set_client */;
/*!40101 SET character_set_client = utf8 */;
CREATE TABLE `branch` (
  `idbranch` int(11) NOT NULL AUTO_INCREMENT,
  `market` int(11) NOT NULL,
  `branchname` varchar(255) NOT NULL,
  PRIMARY KEY (`idbranch`),
  KEY `idx_branch__market` (`market`),
  CONSTRAINT `fk_branch__market` FOREIGN KEY (`market`) REFERENCES `market` (`idmarket`)
) ENGINE=InnoDB AUTO_INCREMENT=7 DEFAULT CHARSET=utf8;
/*!40101 SET character_set_client = @saved_cs_client */;

--
-- Dumping data for table `branch`
--

LOCK TABLES `branch` WRITE;
/*!40000 ALTER TABLE `branch` DISABLE KEYS */;
INSERT INTO `branch` VALUES (1,1,'maddi1_carf'),(2,1,'express1_carf'),(3,1,'express2_carf'),(4,1,'maddi2_carf'),(5,2,'maddi_matro'),(6,2,'maddi2_matro');
/*!40000 ALTER TABLE `branch` ENABLE KEYS */;
UNLOCK TABLES;

--
-- Table structure for table `branch_products`
--

DROP TABLE IF EXISTS `branch_products`;
/*!40101 SET @saved_cs_client     = @@character_set_client */;
/*!40101 SET character_set_client = utf8 */;
CREATE TABLE `branch_products` (
  `product` int(11) NOT NULL,
  `branch` int(11) NOT NULL,
  PRIMARY KEY (`product`,`branch`),
  KEY `idx_branch_products` (`branch`),
  CONSTRAINT `fk_branch_products__branch` FOREIGN KEY (`branch`) REFERENCES `branch` (`idbranch`),
  CONSTRAINT `fk_branch_products__product` FOREIGN KEY (`product`) REFERENCES `product` (`idproduct`)
) ENGINE=InnoDB DEFAULT CHARSET=utf8;
/*!40101 SET character_set_client = @saved_cs_client */;

--
-- Dumping data for table `branch_products`
--

LOCK TABLES `branch_products` WRITE;
/*!40000 ALTER TABLE `branch_products` DISABLE KEYS */;
/*!40000 ALTER TABLE `branch_products` ENABLE KEYS */;
UNLOCK TABLES;

--
-- Table structure for table `clerk`
--

DROP TABLE IF EXISTS `clerk`;
/*!40101 SET @saved_cs_client     = @@character_set_client */;
/*!40101 SET character_set_client = utf8 */;
CREATE TABLE `clerk` (
  `idclerk` int(11) NOT NULL AUTO_INCREMENT,
  `noofrecipt` varchar(255) NOT NULL,
  PRIMARY KEY (`idclerk`)
) ENGINE=InnoDB AUTO_INCREMENT=201 DEFAULT CHARSET=utf8;
/*!40101 SET character_set_client = @saved_cs_client */;

--
-- Dumping data for table `clerk`
--

LOCK TABLES `clerk` WRITE;
/*!40000 ALTER TABLE `clerk` DISABLE KEYS */;
INSERT INTO `clerk` VALUES (1,'2'),(2,'4'),(3,'3'),(4,'6'),(5,'4'),(6,'1'),(7,'4'),(8,'3'),(9,'3'),(10,'5'),(11,'5'),(12,'5'),(13,'4'),(14,'6'),(15,'3'),(16,'2'),(17,'2'),(18,'2'),(19,'2'),(20,'4'),(21,'3'),(22,'5'),(23,'4'),(24,'4'),(25,'4'),(26,'5'),(27,'1'),(28,'5'),(29,'2'),(30,'4'),(31,'4'),(32,'5'),(33,'6'),(34,'5'),(35,'3'),(36,'3'),(37,'5'),(38,'1'),(39,'6'),(40,'3'),(41,'2'),(42,'4'),(43,'3'),(44,'2'),(45,'5'),(46,'6'),(47,'2'),(48,'5'),(49,'2'),(50,'5'),(51,'5'),(52,'1'),(53,'5'),(54,'3'),(55,'1'),(56,'1'),(57,'1'),(58,'1'),(59,'2'),(60,'5'),(61,'3'),(62,'3'),(63,'3'),(64,'2'),(65,'6'),(66,'3'),(67,'6'),(68,'3'),(69,'2'),(70,'2'),(71,'2'),(72,'1'),(73,'2'),(74,'2'),(75,'2'),(76,'2'),(77,'1'),(78,'4'),(79,'1'),(80,'3'),(81,'5'),(82,'1'),(83,'3'),(84,'1'),(85,'2'),(86,'2'),(87,'5'),(88,'1'),(89,'6'),(90,'6'),(91,'6'),(92,'1'),(93,'2'),(94,'2'),(95,'4'),(96,'6'),(97,'6'),(98,'2'),(99,'3'),(100,'1'),(101,'4'),(102,'2'),(103,'3'),(104,'1'),(105,'3'),(106,'5'),(107,'3'),(108,'2'),(109,'3'),(110,'2'),(111,'5'),(112,'4'),(113,'2'),(114,'1'),(115,'2'),(116,'4'),(117,'1'),(118,'2'),(119,'3'),(120,'1'),(121,'1'),(122,'1'),(123,'6'),(124,'6'),(125,'6'),(126,'2'),(127,'4'),(128,'3'),(129,'3'),(130,'2'),(131,'4'),(132,'3'),(133,'1'),(134,'1'),(135,'6'),(136,'4'),(137,'5'),(138,'4'),(139,'3'),(140,'4'),(141,'2'),(142,'2'),(143,'6'),(144,'2'),(145,'5'),(146,'1'),(147,'6'),(148,'6'),(149,'3'),(150,'4'),(151,'3'),(152,'1'),(153,'3'),(154,'5'),(155,'1'),(156,'5'),(157,'1'),(158,'5'),(159,'1'),(160,'2'),(161,'1'),(162,'1'),(163,'2'),(164,'1'),(165,'3'),(166,'3'),(167,'3'),(168,'3'),(169,'3'),(170,'2'),(171,'1'),(172,'4'),(173,'5'),(174,'3'),(175,'1'),(176,'4'),(177,'3'),(178,'4'),(179,'2'),(180,'5'),(181,'6'),(182,'5'),(183,'3'),(184,'2'),(185,'5'),(186,'2'),(187,'1'),(188,'2'),(189,'6'),(190,'3'),(191,'2'),(192,'3'),(193,'2'),(194,'2'),(195,'2'),(196,'4'),(197,'4'),(198,'5'),(199,'1'),(200,'5');
/*!40000 ALTER TABLE `clerk` ENABLE KEYS */;
UNLOCK TABLES;

--
-- Table structure for table `clerk_receipts`
--

DROP TABLE IF EXISTS `clerk_receipts`;
/*!40101 SET @saved_cs_client     = @@character_set_client */;
/*!40101 SET character_set_client = utf8 */;
CREATE TABLE `clerk_receipts` (
  `clerk` int(11) NOT NULL,
  `receipt` int(11) NOT NULL,
  PRIMARY KEY (`clerk`,`receipt`),
  KEY `idx_clerk_receipts` (`receipt`),
  CONSTRAINT `fk_clerk_receipts__clerk` FOREIGN KEY (`clerk`) REFERENCES `clerk` (`idclerk`),
  CONSTRAINT `fk_clerk_receipts__receipt` FOREIGN KEY (`receipt`) REFERENCES `receipt` (`id`)
) ENGINE=InnoDB DEFAULT CHARSET=utf8;
/*!40101 SET character_set_client = @saved_cs_client */;

--
-- Dumping data for table `clerk_receipts`
--

LOCK TABLES `clerk_receipts` WRITE;
/*!40000 ALTER TABLE `clerk_receipts` DISABLE KEYS */;
/*!40000 ALTER TABLE `clerk_receipts` ENABLE KEYS */;
UNLOCK TABLES;

--
-- Table structure for table `customer`
--

DROP TABLE IF EXISTS `customer`;
/*!40101 SET @saved_cs_client     = @@character_set_client */;
/*!40101 SET character_set_client = utf8 */;
CREATE TABLE `customer` (
  `idcustomer` int(11) NOT NULL AUTO_INCREMENT,
  `username` varchar(255) NOT NULL,
  `email` varchar(255) NOT NULL,
  `password` varchar(255) NOT NULL,
  `accountno` varchar(255) NOT NULL,
  `cluster` varchar(255) NOT NULL,
  PRIMARY KEY (`idcustomer`)
) ENGINE=InnoDB AUTO_INCREMENT=409 DEFAULT CHARSET=utf8;
/*!40101 SET character_set_client = @saved_cs_client */;

--
-- Dumping data for table `customer`
--

LOCK TABLES `customer` WRITE;
/*!40000 ALTER TABLE `customer` DISABLE KEYS */;
INSERT INTO `customer` VALUES (1,'user_1','user_1@hotmail.com','1234','1000123456789010','Snacks'),(2,'user_2','user_2@hotmail.com','1235','1230000000000000','Beverages'),(3,'user_3','user_3@hotmail.com','1236','1240000000000000','others'),(4,'user_4','user_2@hotmail.com','1237','1250000000000000','general'),(5,'user_5','user_3@hotmail.com','1238','1260000000000000','general'),(6,'user_6','user_2@hotmail.com','1239','1270000000000000','general'),(7,'user_7','user_3@hotmail.com','1240','1280000000000000','general'),(8,'user_8','user_2@hotmail.com','1241','1290000000000000','general'),(9,'user_9','user_3@hotmail.com','1242','1300000000000000','general'),(10,'user_10','user_2@hotmail.com','1243','1310000000000000','general'),(11,'user_11','user_3@hotmail.com','1244','1320000000000000','general'),(12,'user_12','user_2@hotmail.com','1245','1330000000000000','general'),(13,'user_13','user_3@hotmail.com','1246','1340000000000000','general'),(14,'user_14','user_2@hotmail.com','1247','1350000000000000','general'),(15,'user_15','user_3@hotmail.com','1248','1360000000000000','general'),(16,'user_16','user_2@hotmail.com','1249','1370000000000000','general'),(17,'user_17','user_3@hotmail.com','1250','1380000000000000','general'),(18,'user_18','user_2@hotmail.com','1251','1390000000000000','general'),(19,'user_19','user_3@hotmail.com','1252','1400000000000000','general'),(20,'user_20','user_2@hotmail.com','1253','1410000000000000','general'),(21,'user_21','user_3@hotmail.com','1254','1420000000000000','general'),(22,'user_22','user_2@hotmail.com','1255','1430000000000000','general'),(23,'user_23','user_3@hotmail.com','1256','1440000000000000','general'),(24,'user_24','user_2@hotmail.com','1257','1450000000000000','general'),(25,'user_25','user_3@hotmail.com','1258','1460000000000000','general'),(26,'user_26','user_2@hotmail.com','1259','1470000000000000','general'),(27,'user_27','user_3@hotmail.com','1260','1480000000000000','general'),(28,'user_28','user_2@hotmail.com','1261','1490000000000000','general'),(29,'user_29','user_3@hotmail.com','1262','1500000000000000','general'),(30,'user_30','user_2@hotmail.com','1263','1510000000000000','general'),(31,'user_31','user_3@hotmail.com','1264','1520000000000000','general'),(32,'user_32','user_2@hotmail.com','1265','1530000000000000','general'),(33,'user_33','user_3@hotmail.com','1266','1540000000000000','general'),(34,'user_34','user_2@hotmail.com','1267','1550000000000000','general'),(35,'user_35','user_3@hotmail.com','1268','1560000000000000','general'),(36,'user_36','user_2@hotmail.com','1269','1570000000000000','general'),(37,'user_37','user_3@hotmail.com','1270','1580000000000000','general'),(38,'user_38','user_2@hotmail.com','1271','1590000000000000','general'),(39,'user_39','user_3@hotmail.com','1272','1600000000000000','general'),(40,'user_40','user_2@hotmail.com','1273','1610000000000000','general'),(41,'user_41','user_3@hotmail.com','1274','1620000000000000','general'),(42,'user_42','user_2@hotmail.com','1275','1630000000000000','general'),(43,'user_43','user_3@hotmail.com','1276','1640000000000000','general'),(44,'user_44','user_2@hotmail.com','1277','1650000000000000','general'),(45,'user_45','user_3@hotmail.com','1278','1660000000000000','general'),(46,'user_46','user_2@hotmail.com','1279','1670000000000000','general'),(47,'user_47','user_3@hotmail.com','1280','1680000000000000','general'),(48,'user_48','user_2@hotmail.com','1281','1690000000000000','general'),(49,'user_49','user_3@hotmail.com','1282','1700000000000000','general'),(50,'user_50','user_2@hotmail.com','1283','1710000000000000','general'),(51,'user_51','user_3@hotmail.com','1284','1720000000000000','general'),(52,'user_52','user_2@hotmail.com','1285','1730000000000000','general'),(53,'user_53','user_3@hotmail.com','1286','1740000000000000','general'),(54,'user_54','user_2@hotmail.com','1287','1750000000000000','general'),(55,'user_55','user_3@hotmail.com','1288','1760000000000000','general'),(56,'user_56','user_2@hotmail.com','1289','1770000000000000','general'),(57,'user_57','user_3@hotmail.com','1290','1780000000000000','general'),(58,'user_58','user_2@hotmail.com','1291','1790000000000000','general'),(59,'user_59','user_3@hotmail.com','1292','1800000000000000','general'),(60,'user_60','user_2@hotmail.com','1293','1810000000000000','general'),(61,'user_61','user_3@hotmail.com','1294','1820000000000000','general'),(62,'user_62','user_2@hotmail.com','1295','1830000000000000','general'),(63,'user_63','user_3@hotmail.com','1296','1840000000000000','general'),(64,'user_64','user_2@hotmail.com','1297','1850000000000000','general'),(65,'user_65','user_3@hotmail.com','1298','1860000000000000','general'),(66,'user_66','user_2@hotmail.com','1299','1870000000000000','general'),(67,'user_67','user_3@hotmail.com','1300','1880000000000000','general'),(68,'user_68','user_2@hotmail.com','1301','1890000000000000','general'),(69,'user_69','user_3@hotmail.com','1302','1900000000000000','general'),(70,'user_70','user_2@hotmail.com','1303','1910000000000000','general'),(71,'user_71','user_3@hotmail.com','1304','1920000000000000','general'),(72,'user_72','user_2@hotmail.com','1305','1930000000000000','general'),(73,'user_73','user_3@hotmail.com','1306','1940000000000000','general'),(74,'user_74','user_2@hotmail.com','1307','1950000000000000','general'),(75,'user_75','user_3@hotmail.com','1308','1960000000000000','general'),(76,'user_76','user_2@hotmail.com','1309','1970000000000000','general'),(77,'user_77','user_3@hotmail.com','1310','1980000000000000','general'),(78,'user_78','user_2@hotmail.com','1311','1990000000000000','general'),(79,'user_79','user_3@hotmail.com','1312','2000000000000000','general'),(80,'user_80','user_2@hotmail.com','1313','2010000000000000','general'),(81,'user_81','user_3@hotmail.com','1314','2020000000000000','general'),(82,'user_82','user_2@hotmail.com','1315','2030000000000000','general'),(83,'user_83','user_3@hotmail.com','1316','2040000000000000','general'),(84,'user_84','user_2@hotmail.com','1317','2050000000000000','general'),(85,'user_85','user_3@hotmail.com','1318','2060000000000000','general'),(86,'user_86','user_2@hotmail.com','1319','2070000000000000','general'),(87,'user_87','user_3@hotmail.com','1320','2080000000000000','general'),(88,'user_88','user_2@hotmail.com','1321','2090000000000000','general'),(89,'user_89','user_3@hotmail.com','1322','2100000000000000','general'),(90,'user_90','user_2@hotmail.com','1323','2110000000000000','general'),(91,'user_91','user_3@hotmail.com','1324','2120000000000000','general'),(92,'user_92','user_2@hotmail.com','1325','2130000000000000','general'),(93,'user_93','user_3@hotmail.com','1326','2140000000000000','general'),(94,'user_94','user_2@hotmail.com','1327','2150000000000000','general'),(95,'user_95','user_3@hotmail.com','1328','2160000000000000','general'),(96,'user_96','user_2@hotmail.com','1329','2170000000000000','general'),(97,'user_97','user_3@hotmail.com','1330','2180000000000000','general'),(98,'user_98','user_2@hotmail.com','1331','2190000000000000','general'),(99,'user_99','user_3@hotmail.com','1332','2200000000000000','general'),(100,'user_100','user_2@hotmail.com','1333','2210000000000000','general'),(101,'user_101','user_3@hotmail.com','1334','2220000000000000','general'),(102,'user_102','user_2@hotmail.com','1335','2230000000000000','general'),(103,'user_103','user_3@hotmail.com','1336','2240000000000000','general'),(104,'user_104','user_2@hotmail.com','1337','2250000000000000','general'),(105,'user_105','user_3@hotmail.com','1338','2260000000000000','general'),(106,'user_106','user_2@hotmail.com','1339','2270000000000000','general'),(107,'user_107','user_3@hotmail.com','1340','2280000000000000','general'),(108,'user_108','user_2@hotmail.com','1341','2290000000000000','general'),(109,'user_109','user_3@hotmail.com','1342','2300000000000000','general'),(110,'user_110','user_2@hotmail.com','1343','2310000000000000','general'),(111,'user_111','user_3@hotmail.com','1344','2320000000000000','general'),(112,'user_112','user_2@hotmail.com','1345','2330000000000000','general'),(113,'user_113','user_3@hotmail.com','1346','2340000000000000','general'),(114,'user_114','user_2@hotmail.com','1347','2350000000000000','general'),(115,'user_115','user_3@hotmail.com','1348','2360000000000000','general'),(116,'user_116','user_2@hotmail.com','1349','2370000000000000','general'),(117,'user_117','user_3@hotmail.com','1350','2380000000000000','general'),(118,'user_118','user_2@hotmail.com','1351','2390000000000000','general'),(119,'user_119','user_3@hotmail.com','1352','2400000000000000','general'),(120,'user_120','user_2@hotmail.com','1353','2410000000000000','general'),(121,'user_121','user_3@hotmail.com','1354','2420000000000000','general'),(122,'user_122','user_2@hotmail.com','1355','2430000000000000','general'),(123,'user_123','user_3@hotmail.com','1356','2440000000000000','general'),(124,'user_124','user_2@hotmail.com','1357','2450000000000000','general'),(125,'user_125','user_3@hotmail.com','1358','2460000000000000','general'),(126,'user_126','user_2@hotmail.com','1359','2470000000000000','general'),(127,'user_127','user_3@hotmail.com','1360','2480000000000000','general'),(128,'user_128','user_2@hotmail.com','1361','2490000000000000','general'),(129,'user_129','user_3@hotmail.com','1362','2500000000000000','general'),(130,'user_130','user_2@hotmail.com','1363','2510000000000000','general'),(131,'user_131','user_3@hotmail.com','1364','2520000000000000','general'),(132,'user_132','user_2@hotmail.com','1365','2530000000000000','general'),(133,'user_133','user_3@hotmail.com','1366','2540000000000000','general'),(134,'user_134','user_2@hotmail.com','1367','2550000000000000','general'),(135,'user_135','user_3@hotmail.com','1368','2560000000000000','general'),(136,'user_136','user_2@hotmail.com','1369','2570000000000000','general'),(137,'user_137','user_3@hotmail.com','1370','2580000000000000','general'),(138,'user_138','user_2@hotmail.com','1371','2590000000000000','general'),(139,'user_139','user_3@hotmail.com','1372','2600000000000000','general'),(140,'user_140','user_2@hotmail.com','1373','2610000000000000','general'),(141,'user_141','user_3@hotmail.com','1374','2620000000000000','general'),(142,'user_142','user_2@hotmail.com','1375','2630000000000000','general'),(143,'user_143','user_3@hotmail.com','1376','2640000000000000','general'),(144,'user_144','user_2@hotmail.com','1377','2650000000000000','general'),(145,'user_145','user_3@hotmail.com','1378','2660000000000000','general'),(146,'user_146','user_2@hotmail.com','1379','2670000000000000','general'),(147,'user_147','user_3@hotmail.com','1380','2680000000000000','general'),(148,'user_148','user_2@hotmail.com','1381','2690000000000000','general'),(149,'user_149','user_3@hotmail.com','1382','2700000000000000','general'),(150,'user_150','user_2@hotmail.com','1383','2710000000000000','general'),(151,'user_151','user_3@hotmail.com','1384','2720000000000000','general'),(152,'user_152','user_2@hotmail.com','1385','2730000000000000','general'),(153,'user_153','user_3@hotmail.com','1386','2740000000000000','general'),(154,'user_154','user_2@hotmail.com','1387','2750000000000000','general'),(155,'user_155','user_3@hotmail.com','1388','2760000000000000','general'),(156,'user_156','user_2@hotmail.com','1389','2770000000000000','general'),(157,'user_157','user_3@hotmail.com','1390','2780000000000000','general'),(158,'user_158','user_2@hotmail.com','1391','2790000000000000','general'),(159,'user_159','user_3@hotmail.com','1392','2800000000000000','general'),(160,'user_160','user_2@hotmail.com','1393','2810000000000000','general'),(161,'user_161','user_3@hotmail.com','1394','2820000000000000','general'),(162,'user_162','user_2@hotmail.com','1395','2830000000000000','general'),(163,'user_163','user_3@hotmail.com','1396','2840000000000000','general'),(164,'user_164','user_2@hotmail.com','1397','2850000000000000','general'),(165,'user_165','user_3@hotmail.com','1398','2860000000000000','general'),(166,'user_166','user_2@hotmail.com','1399','2870000000000000','general'),(167,'user_167','user_3@hotmail.com','1400','2880000000000000','general'),(168,'user_168','user_2@hotmail.com','1401','2890000000000000','general'),(169,'user_169','user_3@hotmail.com','1402','2900000000000000','general'),(170,'user_170','user_2@hotmail.com','1403','2910000000000000','general'),(171,'user_171','user_3@hotmail.com','1404','2920000000000000','general'),(172,'user_172','user_2@hotmail.com','1405','2930000000000000','general'),(173,'user_173','user_3@hotmail.com','1406','2940000000000000','general'),(174,'user_174','user_2@hotmail.com','1407','2950000000000000','general'),(175,'user_175','user_3@hotmail.com','1408','2960000000000000','general'),(176,'user_176','user_2@hotmail.com','1409','2970000000000000','general'),(177,'user_177','user_3@hotmail.com','1410','2980000000000000','general'),(178,'user_178','user_2@hotmail.com','1411','2990000000000000','general'),(179,'user_179','user_3@hotmail.com','1412','3000000000000000','general'),(180,'user_180','user_2@hotmail.com','1413','3010000000000000','general'),(181,'user_181','user_3@hotmail.com','1414','3020000000000000','general'),(182,'user_182','user_2@hotmail.com','1415','3030000000000000','general'),(183,'user_183','user_3@hotmail.com','1416','3040000000000000','general'),(184,'user_184','user_2@hotmail.com','1417','3050000000000000','general'),(185,'user_185','user_3@hotmail.com','1418','3060000000000000','general'),(186,'user_186','user_2@hotmail.com','1419','3070000000000000','general'),(187,'user_187','user_3@hotmail.com','1420','3080000000000000','general'),(188,'user_188','user_2@hotmail.com','1421','3090000000000000','general'),(189,'user_189','user_3@hotmail.com','1422','3100000000000000','general'),(190,'user_190','user_2@hotmail.com','1423','3110000000000000','general'),(191,'user_191','user_3@hotmail.com','1424','3120000000000000','general'),(192,'user_192','user_2@hotmail.com','1425','3130000000000000','general'),(193,'user_193','user_3@hotmail.com','1426','3140000000000000','general'),(194,'user_194','user_2@hotmail.com','1427','3150000000000000','general'),(195,'user_195','user_3@hotmail.com','1428','3160000000000000','general'),(196,'user_196','user_2@hotmail.com','1429','3170000000000000','general'),(197,'user_197','user_3@hotmail.com','1430','3180000000000000','general'),(198,'user_198','user_2@hotmail.com','1431','3190000000000000','general'),(199,'user_199','user_3@hotmail.com','1432','3200000000000000','general'),(200,'user_200','user_2@hotmail.com','1433','3210000000000000','general'),(201,'user_201','user_3@hotmail.com','1434','3220000000000000','general'),(202,'user_202','user_2@hotmail.com','1435','3230000000000000','general'),(203,'user_203','user_3@hotmail.com','1436','3240000000000000','general'),(204,'user_204','user_2@hotmail.com','1437','3250000000000000','general'),(205,'user_205','user_3@hotmail.com','1438','3260000000000000','general'),(206,'user_206','user_2@hotmail.com','1439','3270000000000000','general'),(207,'user_207','user_3@hotmail.com','1440','3280000000000000','general'),(208,'user_208','user_2@hotmail.com','1441','3290000000000000','general'),(209,'user_209','user_3@hotmail.com','1442','3300000000000000','general'),(210,'user_210','user_2@hotmail.com','1443','3310000000000000','general'),(211,'user_211','user_3@hotmail.com','1444','3320000000000000','general'),(212,'user_212','user_2@hotmail.com','1445','3330000000000000','general'),(213,'user_213','user_3@hotmail.com','1446','3340000000000000','general'),(214,'user_214','user_2@hotmail.com','1447','3350000000000000','general'),(215,'user_215','user_3@hotmail.com','1448','3360000000000000','general'),(216,'user_216','user_2@hotmail.com','1449','3370000000000000','general'),(217,'user_217','user_3@hotmail.com','1450','3380000000000000','general'),(218,'user_218','user_2@hotmail.com','1451','3390000000000000','general'),(219,'user_219','user_3@hotmail.com','1452','3400000000000000','general'),(220,'user_220','user_2@hotmail.com','1453','3410000000000000','general'),(221,'user_221','user_3@hotmail.com','1454','3420000000000000','general'),(222,'user_222','user_2@hotmail.com','1455','3430000000000000','general'),(223,'user_223','user_3@hotmail.com','1456','3440000000000000','general'),(224,'user_224','user_2@hotmail.com','1457','3450000000000000','general'),(225,'user_225','user_3@hotmail.com','1458','3460000000000000','general'),(226,'user_226','user_2@hotmail.com','1459','3470000000000000','general'),(227,'user_227','user_3@hotmail.com','1460','3480000000000000','general'),(228,'user_228','user_2@hotmail.com','1461','3490000000000000','general'),(229,'user_229','user_3@hotmail.com','1462','3500000000000000','general'),(230,'user_230','user_2@hotmail.com','1463','3510000000000000','general'),(231,'user_231','user_3@hotmail.com','1464','3520000000000000','general'),(232,'user_232','user_2@hotmail.com','1465','3530000000000000','general'),(233,'user_233','user_3@hotmail.com','1466','3540000000000000','general'),(234,'user_234','user_2@hotmail.com','1467','3550000000000000','general'),(235,'user_235','user_3@hotmail.com','1468','3560000000000000','general'),(236,'user_236','user_2@hotmail.com','1469','3570000000000000','general'),(237,'user_237','user_3@hotmail.com','1470','3580000000000000','general'),(238,'user_238','user_2@hotmail.com','1471','3590000000000000','general'),(239,'user_239','user_3@hotmail.com','1472','3600000000000000','general'),(240,'user_240','user_2@hotmail.com','1473','3610000000000000','general'),(241,'user_241','user_3@hotmail.com','1474','3620000000000000','general'),(242,'user_242','user_2@hotmail.com','1475','3630000000000000','general'),(243,'user_243','user_3@hotmail.com','1476','3640000000000000','general'),(244,'user_244','user_2@hotmail.com','1477','3650000000000000','general'),(245,'user_245','user_3@hotmail.com','1478','3660000000000000','general'),(246,'user_246','user_2@hotmail.com','1479','3670000000000000','general'),(247,'user_247','user_3@hotmail.com','1480','3680000000000000','general'),(248,'user_248','user_2@hotmail.com','1481','3690000000000000','general'),(249,'user_249','user_3@hotmail.com','1482','3700000000000000','general'),(250,'user_250','user_2@hotmail.com','1483','3710000000000000','general'),(251,'user_251','user_3@hotmail.com','1484','3720000000000000','general'),(252,'user_252','user_2@hotmail.com','1485','3730000000000000','general'),(253,'user_253','user_3@hotmail.com','1486','3740000000000000','general'),(254,'user_254','user_2@hotmail.com','1487','3750000000000000','general'),(255,'user_255','user_3@hotmail.com','1488','3760000000000000','general'),(256,'user_256','user_2@hotmail.com','1489','3770000000000000','general'),(257,'user_257','user_3@hotmail.com','1490','3780000000000000','general'),(258,'user_258','user_2@hotmail.com','1491','3790000000000000','general'),(259,'user_259','user_3@hotmail.com','1492','3800000000000000','general'),(260,'user_260','user_2@hotmail.com','1493','3810000000000000','general'),(261,'user_261','user_3@hotmail.com','1494','3820000000000000','general'),(262,'user_262','user_2@hotmail.com','1495','3830000000000000','general'),(263,'user_263','user_3@hotmail.com','1496','3840000000000000','general'),(264,'user_264','user_2@hotmail.com','1497','3850000000000000','general'),(265,'user_265','user_3@hotmail.com','1498','3860000000000000','general'),(266,'user_266','user_2@hotmail.com','1499','3870000000000000','general'),(267,'user_267','user_3@hotmail.com','1500','3880000000000000','general'),(268,'user_268','user_2@hotmail.com','1501','3890000000000000','general'),(269,'user_269','user_3@hotmail.com','1502','3900000000000000','general'),(270,'user_270','user_2@hotmail.com','1503','3910000000000000','general'),(271,'user_271','user_3@hotmail.com','1504','3920000000000000','general'),(272,'user_272','user_2@hotmail.com','1505','3930000000000000','general'),(273,'user_273','user_3@hotmail.com','1506','3940000000000000','general'),(274,'user_274','user_2@hotmail.com','1507','3950000000000000','general'),(275,'user_275','user_3@hotmail.com','1508','3960000000000000','general'),(276,'user_276','user_2@hotmail.com','1509','3970000000000000','general'),(277,'user_277','user_3@hotmail.com','1510','3980000000000000','general'),(278,'user_278','user_2@hotmail.com','1511','3990000000000000','general'),(279,'user_279','user_3@hotmail.com','1512','4000000000000000','general'),(280,'user_280','user_2@hotmail.com','1513','4010000000000000','general'),(281,'user_281','user_3@hotmail.com','1514','4020000000000000','general'),(282,'user_282','user_2@hotmail.com','1515','4030000000000000','general'),(283,'user_283','user_3@hotmail.com','1516','4040000000000000','general'),(284,'user_284','user_2@hotmail.com','1517','4050000000000000','general'),(285,'user_285','user_3@hotmail.com','1518','4060000000000000','general'),(286,'user_286','user_2@hotmail.com','1519','4070000000000000','general'),(287,'user_287','user_3@hotmail.com','1520','4080000000000000','general'),(288,'user_288','user_2@hotmail.com','1521','4090000000000000','general'),(289,'user_289','user_3@hotmail.com','1522','4100000000000000','general'),(290,'user_290','user_2@hotmail.com','1523','4110000000000000','general'),(291,'user_291','user_3@hotmail.com','1524','4120000000000000','general'),(292,'user_292','user_2@hotmail.com','1525','4130000000000000','general'),(293,'user_293','user_3@hotmail.com','1526','4140000000000000','general'),(294,'user_294','user_2@hotmail.com','1527','4150000000000000','general'),(295,'user_295','user_3@hotmail.com','1528','4160000000000000','general'),(296,'user_296','user_2@hotmail.com','1529','4170000000000000','general'),(297,'user_297','user_3@hotmail.com','1530','4180000000000000','general'),(298,'user_298','user_2@hotmail.com','1531','4190000000000000','general'),(299,'user_299','user_3@hotmail.com','1532','4200000000000000','general'),(300,'user_300','user_2@hotmail.com','1533','4210000000000000','general'),(301,'user_301','user_3@hotmail.com','1534','4220000000000000','general'),(302,'user_302','user_2@hotmail.com','1535','4230000000000000','general'),(303,'user_303','user_3@hotmail.com','1536','4240000000000000','general'),(304,'user_304','user_2@hotmail.com','1537','4250000000000000','general'),(305,'user_305','user_3@hotmail.com','1538','4260000000000000','general'),(306,'user_306','user_2@hotmail.com','1539','4270000000000000','general'),(307,'user_307','user_3@hotmail.com','1540','4280000000000000','general'),(308,'user_308','user_2@hotmail.com','1541','4290000000000000','general'),(309,'user_309','user_3@hotmail.com','1542','4300000000000000','general'),(310,'user_310','user_2@hotmail.com','1543','4310000000000000','general'),(311,'user_311','user_3@hotmail.com','1544','4320000000000000','general'),(312,'user_312','user_2@hotmail.com','1545','4330000000000000','general'),(313,'user_313','user_3@hotmail.com','1546','4340000000000000','general'),(314,'user_314','user_2@hotmail.com','1547','4350000000000000','general'),(315,'user_315','user_3@hotmail.com','1548','4360000000000000','general'),(316,'user_316','user_2@hotmail.com','1549','4370000000000000','general'),(317,'user_317','user_3@hotmail.com','1550','4380000000000000','general'),(318,'user_318','user_2@hotmail.com','1551','4390000000000000','general'),(319,'user_319','user_3@hotmail.com','1552','4400000000000000','general'),(320,'user_320','user_2@hotmail.com','1553','4410000000000000','general'),(321,'user_321','user_3@hotmail.com','1554','4420000000000000','general'),(322,'user_322','user_2@hotmail.com','1555','4430000000000000','general'),(323,'user_323','user_3@hotmail.com','1556','4440000000000000','general'),(324,'user_324','user_2@hotmail.com','1557','4450000000000000','general'),(325,'user_325','user_3@hotmail.com','1558','4460000000000000','general'),(326,'user_326','user_2@hotmail.com','1559','4470000000000000','general'),(327,'user_327','user_3@hotmail.com','1560','4480000000000000','general'),(328,'user_328','user_2@hotmail.com','1561','4490000000000000','general'),(329,'user_329','user_3@hotmail.com','1562','4500000000000000','general'),(330,'user_330','user_2@hotmail.com','1563','4510000000000000','general'),(331,'user_331','user_3@hotmail.com','1564','4520000000000000','general'),(332,'user_332','user_2@hotmail.com','1565','4530000000000000','general'),(333,'user_333','user_3@hotmail.com','1566','4540000000000000','general'),(334,'user_334','user_2@hotmail.com','1567','4550000000000000','general'),(335,'user_335','user_3@hotmail.com','1568','4560000000000000','general'),(336,'user_336','user_2@hotmail.com','1569','4570000000000000','general'),(337,'user_337','user_3@hotmail.com','1570','4580000000000000','general'),(338,'user_338','user_2@hotmail.com','1571','4590000000000000','general'),(339,'user_339','user_3@hotmail.com','1572','4600000000000000','general'),(340,'user_340','user_2@hotmail.com','1573','4610000000000000','general'),(341,'user_341','user_3@hotmail.com','1574','4620000000000000','general'),(342,'user_342','user_2@hotmail.com','1575','4630000000000000','general'),(343,'user_343','user_3@hotmail.com','1576','4640000000000000','general'),(344,'user_344','user_2@hotmail.com','1577','4650000000000000','general'),(345,'user_345','user_3@hotmail.com','1578','4660000000000000','general'),(346,'user_346','user_2@hotmail.com','1579','4670000000000000','general'),(347,'user_347','user_3@hotmail.com','1580','4680000000000000','general'),(348,'user_348','user_2@hotmail.com','1581','4690000000000000','general'),(349,'user_349','user_3@hotmail.com','1582','4700000000000000','general'),(350,'user_350','user_2@hotmail.com','1583','4710000000000000','general'),(351,'user_351','user_3@hotmail.com','1584','4720000000000000','general'),(352,'user_352','user_2@hotmail.com','1585','4730000000000000','general'),(353,'user_353','user_3@hotmail.com','1586','4740000000000000','general'),(354,'user_354','user_2@hotmail.com','1587','4750000000000000','general'),(355,'user_355','user_3@hotmail.com','1588','4760000000000000','general'),(356,'user_356','user_2@hotmail.com','1589','4770000000000000','general'),(357,'user_357','user_3@hotmail.com','1590','4780000000000000','general'),(358,'user_358','user_2@hotmail.com','1591','4790000000000000','general'),(359,'user_359','user_3@hotmail.com','1592','4800000000000000','general'),(360,'user_360','user_2@hotmail.com','1593','4810000000000000','general'),(361,'user_361','user_3@hotmail.com','1594','4820000000000000','general'),(362,'user_362','user_2@hotmail.com','1595','4830000000000000','general'),(363,'user_363','user_3@hotmail.com','1596','4840000000000000','general'),(364,'user_364','user_2@hotmail.com','1597','4850000000000000','general'),(365,'user_365','user_3@hotmail.com','1598','4860000000000000','general'),(366,'user_366','user_2@hotmail.com','1599','4870000000000000','general'),(367,'user_367','user_3@hotmail.com','1600','4880000000000000','general'),(368,'user_368','user_2@hotmail.com','1601','4890000000000000','general'),(369,'user_369','user_3@hotmail.com','1602','4900000000000000','general'),(370,'user_370','user_2@hotmail.com','1603','4910000000000000','general'),(371,'user_371','user_3@hotmail.com','1604','4920000000000000','general'),(372,'user_372','user_2@hotmail.com','1605','4930000000000000','general'),(373,'user_373','user_3@hotmail.com','1606','4940000000000000','general'),(374,'user_374','user_2@hotmail.com','1607','4950000000000000','general'),(375,'user_375','user_3@hotmail.com','1608','4960000000000000','general'),(376,'user_376','user_2@hotmail.com','1609','4970000000000000','general'),(377,'user_377','user_3@hotmail.com','1610','4980000000000000','general'),(378,'user_378','user_2@hotmail.com','1611','4990000000000000','general'),(379,'user_379','user_3@hotmail.com','1612','5000000000000000','general'),(380,'user_380','user_2@hotmail.com','1613','5010000000000000','general'),(381,'user_381','user_3@hotmail.com','1614','5020000000000000','general'),(382,'user_382','user_2@hotmail.com','1615','5030000000000000','general'),(383,'user_383','user_3@hotmail.com','1616','5040000000000000','general'),(384,'user_384','user_2@hotmail.com','1617','5050000000000000','general'),(385,'user_385','user_3@hotmail.com','1618','5060000000000000','general'),(386,'user_386','user_2@hotmail.com','1619','5070000000000000','general'),(387,'user_387','user_3@hotmail.com','1620','5080000000000000','general'),(388,'user_388','user_2@hotmail.com','1621','5090000000000000','general'),(389,'user_389','user_3@hotmail.com','1622','5100000000000000','general'),(390,'user_390','user_2@hotmail.com','1623','5110000000000000','general'),(391,'user_391','user_3@hotmail.com','1624','5120000000000000','general'),(392,'user_392','user_2@hotmail.com','1625','5130000000000000','general'),(393,'user_393','user_3@hotmail.com','1626','5140000000000000','general'),(394,'user_394','user_2@hotmail.com','1627','5150000000000000','general'),(395,'user_395','user_3@hotmail.com','1628','5160000000000000','general'),(396,'user_396','user_2@hotmail.com','1629','5170000000000000','general'),(397,'user_397','user_3@hotmail.com','1630','5180000000000000','general'),(398,'user_398','user_2@hotmail.com','1631','5190000000000000','general'),(399,'user_399','user_3@hotmail.com','1632','5200000000000000','general'),(400,'user_400','user_2@hotmail.com','1633','5210000000000000','general'),(403,'esraa','esra@hotamil.com','esraa','00000000000','general'),(404,'esraa22www','esraa@hotmail.com','esraa33ww','00000000000','general'),(405,'aya','aya@gmail.com','123456','00000000000','general'),(406,'mona','mona@gmail.com','mona','00000000000','general'),(407,'asraa','asraa@gmail.com','123456','00000000000','general'),(408,'esra2','esraa@gmail.com','esraa','00000000000','general');
/*!40000 ALTER TABLE `customer` ENABLE KEYS */;
UNLOCK TABLES;

--
-- Table structure for table `customer_products`
--

DROP TABLE IF EXISTS `customer_products`;
/*!40101 SET @saved_cs_client     = @@character_set_client */;
/*!40101 SET character_set_client = utf8 */;
CREATE TABLE `customer_products` (
  `product` int(11) NOT NULL,
  `customer` int(11) NOT NULL,
  PRIMARY KEY (`product`,`customer`),
  KEY `idx_customer_products` (`customer`),
  CONSTRAINT `fk_customer_products__customer` FOREIGN KEY (`customer`) REFERENCES `customer` (`idcustomer`),
  CONSTRAINT `fk_customer_products__product` FOREIGN KEY (`product`) REFERENCES `product` (`idproduct`)
) ENGINE=InnoDB DEFAULT CHARSET=utf8;
/*!40101 SET character_set_client = @saved_cs_client */;

--
-- Dumping data for table `customer_products`
--

LOCK TABLES `customer_products` WRITE;
/*!40000 ALTER TABLE `customer_products` DISABLE KEYS */;
/*!40000 ALTER TABLE `customer_products` ENABLE KEYS */;
UNLOCK TABLES;

--
-- Table structure for table `history`
--

DROP TABLE IF EXISTS `history`;
/*!40101 SET @saved_cs_client     = @@character_set_client */;
/*!40101 SET character_set_client = utf8 */;
CREATE TABLE `history` (
  `receiptnum` int(11) NOT NULL AUTO_INCREMENT,
  `timestamp` varchar(255) NOT NULL,
  `custid` int(11) NOT NULL,
  PRIMARY KEY (`receiptnum`),
  KEY `idx_history__custid` (`custid`),
  CONSTRAINT `fk_history__custid` FOREIGN KEY (`custid`) REFERENCES `customer` (`idcustomer`)
) ENGINE=InnoDB AUTO_INCREMENT=404 DEFAULT CHARSET=utf8;
/*!40101 SET character_set_client = @saved_cs_client */;

--
-- Dumping data for table `history`
--

LOCK TABLES `history` WRITE;
/*!40000 ALTER TABLE `history` DISABLE KEYS */;
INSERT INTO `history` VALUES (1,'10:37:09',1),(2,'05:53:09',2),(3,'11:04:35',3),(4,'12:27:22',4),(5,'08:35:58',5),(6,'23:54:36',6),(7,'17:01:30',7),(8,'15:54:57',8),(9,'09:50:44',9),(10,'15:40:17',10),(11,'18:07:05',11),(12,'10:13:52',12),(13,'00:27:15',13),(14,'06:37:08',14),(15,'16:03:20',15),(16,'15:35:38',16),(17,'13:12:33',17),(18,'17:18:59',18),(19,'15:00:23',19),(20,'15:11:55',20),(21,'05:55:44',21),(22,'13:20:42',22),(23,'16:50:40',23),(24,'22:50:09',24),(25,'13:14:01',25),(26,'05:18:42',26),(27,'02:12:43',27),(28,'05:41:21',28),(29,'09:14:42',29),(30,'06:10:21',30),(31,'04:22:30',31),(32,'05:33:02',32),(33,'16:18:52',33),(34,'05:11:14',34),(35,'21:10:35',35),(36,'05:37:00',36),(37,'09:56:29',37),(38,'20:40:29',38),(39,'17:00:11',39),(40,'01:50:12',40),(41,'06:54:22',41),(42,'06:46:58',42),(43,'18:08:17',43),(44,'13:52:57',44),(45,'04:00:03',45),(46,'13:42:17',46),(47,'10:39:12',47),(48,'05:01:58',48),(49,'14:06:44',49),(50,'14:08:10',50),(51,'14:33:00',51),(52,'17:50:59',52),(53,'00:52:33',53),(54,'00:40:40',54),(55,'12:55:48',55),(56,'21:12:35',56),(57,'13:30:20',57),(58,'08:30:34',58),(59,'09:41:58',59),(60,'15:32:49',60),(61,'14:27:05',61),(62,'14:50:12',62),(63,'16:22:06',63),(64,'16:30:25',64),(65,'06:50:44',65),(66,'00:08:12',66),(67,'13:44:59',67),(68,'15:05:56',68),(69,'17:56:25',69),(70,'03:03:08',70),(71,'14:48:25',71),(72,'20:49:09',72),(73,'14:26:24',73),(74,'07:24:13',74),(75,'02:14:28',75),(76,'10:28:34',76),(77,'23:00:34',77),(78,'11:50:57',78),(79,'11:41:38',79),(80,'22:44:23',80),(81,'14:30:01',81),(82,'08:49:41',82),(83,'02:41:28',83),(84,'14:53:53',84),(85,'09:47:30',85),(86,'05:33:24',86),(87,'09:07:53',87),(88,'10:21:53',88),(89,'00:13:24',89),(90,'07:06:12',90),(91,'09:30:28',91),(92,'00:31:27',92),(93,'15:27:07',93),(94,'17:51:06',94),(95,'04:13:02',95),(96,'20:46:24',96),(97,'05:50:36',97),(98,'06:58:20',98),(99,'21:12:03',99),(100,'05:44:10',100),(101,'10:45:32',101),(102,'16:14:07',102),(103,'13:53:58',103),(104,'03:56:03',104),(105,'01:24:12',105),(106,'12:47:49',106),(107,'11:28:45',107),(108,'20:34:44',108),(109,'04:25:52',109),(110,'05:05:09',110),(111,'19:40:49',111),(112,'19:01:40',112),(113,'13:02:57',113),(114,'04:14:29',114),(115,'04:57:04',115),(116,'18:59:31',116),(117,'04:49:02',117),(118,'07:58:19',118),(119,'20:21:35',119),(120,'20:40:27',120),(121,'06:56:55',121),(122,'09:07:18',122),(123,'13:00:19',123),(124,'00:18:30',124),(125,'04:27:08',125),(126,'16:13:35',126),(127,'05:28:08',127),(128,'08:53:35',128),(129,'15:59:26',129),(130,'01:11:15',130),(131,'23:04:34',131),(132,'15:44:23',132),(133,'10:04:47',133),(134,'23:37:51',134),(135,'16:21:48',135),(136,'09:03:15',136),(137,'15:24:21',137),(138,'14:28:09',138),(139,'14:17:22',139),(140,'14:55:29',140),(141,'20:26:38',141),(142,'11:06:53',142),(143,'22:18:15',143),(144,'06:33:47',144),(145,'15:58:06',145),(146,'15:22:34',146),(147,'06:28:33',147),(148,'11:18:13',148),(149,'20:35:26',149),(150,'02:21:00',150),(151,'01:03:08',151),(152,'04:39:49',152),(153,'23:45:46',153),(154,'04:14:47',154),(155,'03:59:58',155),(156,'00:15:12',156),(157,'00:14:58',157),(158,'02:55:55',158),(159,'00:57:55',159),(160,'23:50:14',160),(161,'00:34:30',161),(162,'06:31:02',162),(163,'00:43:26',163),(164,'20:42:08',164),(165,'02:50:22',165),(166,'23:11:09',166),(167,'06:38:01',167),(168,'17:55:12',168),(169,'00:23:57',169),(170,'17:38:45',170),(171,'12:41:40',171),(172,'16:30:46',172),(173,'10:19:12',173),(174,'19:53:25',174),(175,'10:16:36',175),(176,'09:12:45',176),(177,'15:36:27',177),(178,'13:16:21',178),(179,'20:05:07',179),(180,'10:25:21',180),(181,'22:38:39',181),(182,'22:00:08',182),(183,'07:11:23',183),(184,'07:59:25',184),(185,'19:26:20',185),(186,'04:26:14',186),(187,'12:28:20',187),(188,'12:47:02',188),(189,'10:30:16',189),(190,'07:02:49',190),(191,'04:53:58',191),(192,'18:43:15',192),(193,'10:44:43',193),(194,'06:31:59',194),(195,'08:57:00',195),(196,'16:25:02',196),(197,'18:34:23',197),(198,'12:45:33',198),(199,'00:46:12',199),(200,'09:53:05',200),(201,'15:58:33',201),(202,'20:41:28',202),(203,'02:14:59',203),(204,'17:47:38',204),(205,'13:54:02',205),(206,'01:46:48',206),(207,'00:05:22',207),(208,'15:19:09',208),(209,'01:24:36',209),(210,'03:28:50',210),(211,'15:53:27',211),(212,'13:06:58',212),(213,'05:55:59',213),(214,'08:19:25',214),(215,'16:55:00',215),(216,'15:57:30',216),(217,'19:02:43',217),(218,'20:21:16',218),(219,'08:25:40',219),(220,'19:09:55',220),(221,'20:27:48',221),(222,'11:25:00',222),(223,'13:26:05',223),(224,'01:25:27',224),(225,'17:29:25',225),(226,'15:25:09',226),(227,'22:39:53',227),(228,'08:31:04',228),(229,'13:28:51',229),(230,'17:49:38',230),(231,'08:18:48',231),(232,'19:47:13',232),(233,'04:19:55',233),(234,'03:45:46',234),(235,'03:36:17',235),(236,'23:58:05',236),(237,'01:43:41',237),(238,'08:57:14',238),(239,'06:10:58',239),(240,'05:33:21',240),(241,'16:52:42',241),(242,'06:33:30',242),(243,'09:53:40',243),(244,'21:58:53',244),(245,'09:09:19',245),(246,'23:17:26',246),(247,'15:07:46',247),(248,'08:35:22',248),(249,'05:50:07',249),(250,'11:21:32',250),(251,'20:41:13',251),(252,'17:42:29',252),(253,'07:39:44',253),(254,'11:30:47',254),(255,'04:27:31',255),(256,'22:29:49',256),(257,'13:15:56',257),(258,'09:45:44',258),(259,'11:43:58',259),(260,'12:53:23',260),(261,'10:07:50',261),(262,'20:33:38',262),(263,'07:01:24',263),(264,'22:28:51',264),(265,'13:25:29',265),(266,'17:06:40',266),(267,'09:01:14',267),(268,'19:53:11',268),(269,'19:55:59',269),(270,'21:48:14',270),(271,'20:51:46',271),(272,'16:10:27',272),(273,'14:05:57',273),(274,'07:55:31',274),(275,'12:04:22',275),(276,'09:24:43',276),(277,'20:26:20',277),(278,'09:24:25',278),(279,'02:56:45',279),(280,'04:55:37',280),(281,'05:10:46',281),(282,'12:49:12',282),(283,'18:52:27',283),(284,'01:30:52',284),(285,'06:59:32',285),(286,'15:05:06',286),(287,'16:01:52',287),(288,'10:41:16',288),(289,'18:38:49',289),(290,'12:56:22',290),(291,'11:04:19',291),(292,'21:00:59',292),(293,'13:07:12',293),(294,'16:15:42',294),(295,'02:23:09',295),(296,'22:24:16',296),(297,'11:59:47',297),(298,'11:32:32',298),(299,'08:32:07',299),(300,'09:20:31',300),(301,'12:51:34',301),(302,'11:41:06',302),(303,'00:16:09',303),(304,'03:02:51',304),(305,'20:30:05',305),(306,'11:48:41',306),(307,'07:51:36',307),(308,'03:45:22',308),(309,'18:57:01',309),(310,'20:00:48',310),(311,'05:55:35',311),(312,'06:02:24',312),(313,'18:50:22',313),(314,'08:08:55',314),(315,'02:55:22',315),(316,'20:32:41',316),(317,'09:50:17',317),(318,'00:13:48',318),(319,'14:10:58',319),(320,'17:34:39',320),(321,'10:11:53',321),(322,'23:15:07',322),(323,'04:56:56',323),(324,'05:43:46',324),(325,'06:08:28',325),(326,'19:49:47',326),(327,'18:08:20',327),(328,'13:27:03',328),(329,'04:02:33',329),(330,'00:56:23',330),(331,'15:42:09',331),(332,'04:17:50',332),(333,'00:08:55',333),(334,'12:47:41',334),(335,'05:45:24',335),(336,'21:48:08',336),(337,'20:56:19',337),(338,'08:06:00',338),(339,'18:59:11',339),(340,'02:42:03',340),(341,'05:06:04',341),(342,'10:41:59',342),(343,'11:41:04',343),(344,'14:30:23',344),(345,'17:16:33',345),(346,'04:14:16',346),(347,'08:24:38',347),(348,'06:11:54',348),(349,'03:55:08',349),(350,'19:35:30',350),(351,'12:59:25',351),(352,'12:16:22',352),(353,'09:31:51',353),(354,'00:35:43',354),(355,'14:23:12',355),(356,'14:46:22',356),(357,'21:58:49',357),(358,'08:28:33',358),(359,'23:32:47',359),(360,'13:46:14',360),(361,'18:39:46',361),(362,'01:57:19',362),(363,'08:35:22',363),(364,'17:31:06',364),(365,'15:22:45',365),(366,'21:35:44',366),(367,'11:15:48',367),(368,'21:51:03',368),(369,'23:32:30',369),(370,'17:09:44',370),(371,'09:12:30',371),(372,'21:39:18',372),(373,'07:33:54',373),(374,'20:59:14',374),(375,'15:04:31',375),(376,'22:26:35',376),(377,'01:36:29',377),(378,'20:16:24',378),(379,'10:48:57',379),(380,'17:15:08',380),(381,'10:56:57',381),(382,'09:11:10',382),(383,'19:12:15',383),(384,'17:12:13',384),(385,'05:05:36',385),(386,'07:43:42',386),(387,'04:50:17',387),(388,'00:11:44',388),(389,'09:16:45',389),(390,'14:56:27',390),(391,'13:58:16',391),(392,'15:09:35',392),(393,'11:17:42',393),(394,'13:31:22',394),(395,'03:32:18',395),(396,'18:51:17',396),(397,'00:20:48',397),(398,'03:00:15',398),(399,'04:39:29',399),(400,'16:12:14',400),(401,'Wed Jun 27 10:22:12 EET 2018',8),(402,'Wed Jun 27 11:05:31 EET 2018',8),(403,'Wed Jun 27 12:34:38 EET 2018',8);
/*!40000 ALTER TABLE `history` ENABLE KEYS */;
UNLOCK TABLES;

--
-- Table structure for table `history_products`
--

DROP TABLE IF EXISTS `history_products`;
/*!40101 SET @saved_cs_client     = @@character_set_client */;
/*!40101 SET character_set_client = utf8 */;
CREATE TABLE `history_products` (
  `product` int(11) NOT NULL,
  `history` int(11) NOT NULL,
  PRIMARY KEY (`product`,`history`),
  KEY `idx_history_products` (`history`),
  CONSTRAINT `fk_history_products__history` FOREIGN KEY (`history`) REFERENCES `history` (`receiptnum`),
  CONSTRAINT `fk_history_products__product` FOREIGN KEY (`product`) REFERENCES `product` (`idproduct`)
) ENGINE=InnoDB DEFAULT CHARSET=utf8;
/*!40101 SET character_set_client = @saved_cs_client */;

--
-- Dumping data for table `history_products`
--

LOCK TABLES `history_products` WRITE;
/*!40000 ALTER TABLE `history_products` DISABLE KEYS */;
/*!40000 ALTER TABLE `history_products` ENABLE KEYS */;
UNLOCK TABLES;

--
-- Table structure for table `market`
--

DROP TABLE IF EXISTS `market`;
/*!40101 SET @saved_cs_client     = @@character_set_client */;
/*!40101 SET character_set_client = utf8 */;
CREATE TABLE `market` (
  `idmarket` int(11) NOT NULL AUTO_INCREMENT,
  `name` varchar(255) NOT NULL,
  PRIMARY KEY (`idmarket`)
) ENGINE=InnoDB AUTO_INCREMENT=5 DEFAULT CHARSET=utf8;
/*!40101 SET character_set_client = @saved_cs_client */;

--
-- Dumping data for table `market`
--

LOCK TABLES `market` WRITE;
/*!40000 ALTER TABLE `market` DISABLE KEYS */;
INSERT INTO `market` VALUES (1,'carfore'),(2,'matro'),(3,'ragab_sons'),(4,'HyperOne');
/*!40000 ALTER TABLE `market` ENABLE KEYS */;
UNLOCK TABLES;

--
-- Table structure for table `product`
--

DROP TABLE IF EXISTS `product`;
/*!40101 SET @saved_cs_client     = @@character_set_client */;
/*!40101 SET character_set_client = utf8 */;
CREATE TABLE `product` (
  `idproduct` int(11) NOT NULL AUTO_INCREMENT,
  `name` varchar(255) NOT NULL,
  `barcode` varchar(255) NOT NULL,
  `price` varchar(255) NOT NULL,
  `location` varchar(255) NOT NULL,
  `section` varchar(255) NOT NULL,
  `sale` varchar(225) NOT NULL,
  `category` varchar(255) NOT NULL,
  PRIMARY KEY (`idproduct`),
  KEY `idx_product__sale` (`sale`)
) ENGINE=InnoDB AUTO_INCREMENT=1000 DEFAULT CHARSET=utf8;
/*!40101 SET character_set_client = @saved_cs_client */;

--
-- Dumping data for table `product`
--

LOCK TABLES `product` WRITE;
/*!40000 ALTER TABLE `product` DISABLE KEYS */;
INSERT INTO `product` VALUES (1,'mintra note','6221236926566','12','19','79','1','others'),(2,'Chocolate bar','1225764098273','15','13','40','2','Snacks'),(3,'handfree','1125764098273','80','7','42','3','others'),(4,'notebook','1025764098273','18','1','33','4','others'),(5,'orange joice ','925764098273','2.5','13','1','5','Beverages'),(6,'pencil','825764098273','1.25','11','37','6','others'),(7,'pen ','725764098273','3.5','7','83','7','others'),(8,'rubber ','625764098273','7.5','1','13','13','others'),(9,'corrector ','525764098273','22','16','3','13','others'),(10,'cheipse','425764098273','7','7','38','13','Snacks'),(11,'pepsi','325764098273','11','7','39','13','Beverages'),(12,'Chocolate Cookies','225764098273','22','1','77','10','Snacks'),(13,'All-Seasons Salt','125764098273','18','11','94','13','Veggies'),(14,'Robust Golden Unsweetened Oolong Tea','25764098273','85','17','56','8','Beverages'),(15,'Pretzeles Mixy','6223001200086','5','18','71','9','Snacks'),(16,'Cheetos','6221031490439','3','19','73','13','Snacks'),(17,'olives Oil','6221236934129','10','12','60','13','others'),(18,'Pure Coconut Water With Orange','6221236934130','57','1','28','13','Beverages'),(19,'Cut Russet Potatoes Steam N\' Mash','6221236934131','20','9','81','13','Beverages'),(20,'Light Strawberry Blueberry Yogurt','6221236934132','20','7','63','13','Dairy'),(21,'Sparkling Orange Juice & Prickly Pear Beverage','6221236934133','19','8','77','13','Beverages'),(22,'Peach Mango Juice','6221236934134','19','11','93','13','Beverages'),(23,'Chocolate Fudge Layer Cake','6221236934135','52','12','93','13','Beverages'),(24,'Saline Nasal Mist','6221236934136','27','11','58','13','others'),(25,'Fresh Scent Dishwasher Cleaner','6221236934137','25','19','99','11','Cleaners'),(26,'Overnight Diapers Size 6','6221236934138','11','8','49','13','others'),(27,'Mint Chocolate Flavored Syrup','6221236934139','16','11','36','13','Snacks'),(28,'Aquafina water','6223001360049','2','14','54','13','Frozen Fo'),(29,'Pizza for One Suprema  Frozen Pizza','6221236934141','43','15','57','12','Frozen Foods'),(30,'lactel duetto','6223003771515','8','1','88','13','Beverages'),(31,'Pomegranate Cranberry & Aloe Vera Enrich Drink','6221236934143','62','4','45','13','Beverages'),(32,'Small & Medium Dental Dog Treats','6221236934144','41','19','27','13','others'),(33,'Fresh Breath Oral Rinse Mild Mint','6221236934145','64','9','61','13','others'),(34,'Organic Turkey Burgers','6221236934146','47','14','84','13','Meats'),(35,'Tri-Vi-Sol® Vitamins A-C-and D Supplement Drops for Infants','6221236934147','36','12','96','13','others'),(36,'Salted Caramel Lean Protein & Fiber Bar','6221236934148','13','1','7','13','others'),(37,'Fancy Feast Trout Feast Flaked Wet Cat Food','6221236934149','52','15','45','13','others'),(38,'Complete Spring Water Foaming Antibacterial Hand Wash','6221236934150','27','21','84','13','Cleaners'),(39,'Wheat Chex Cereal','6221236934151','17','7','80','13','others'),(40,'Fresh Cut Golden Sweet No Salt Added Whole Kernel Corn','6221236934152','45','12','42','13','others'),(41,'Three Cheese Ziti& Marinara with Meatballs','6221236934153','58','19','78','13','Dairy'),(42,'White Pearl Onions','6221236934154','35','11','77','13','others'),(43,'Nacho Cheese White Bean Chips','6221236934155','28','4','42','13','Snacks'),(44,'Organic Spaghetti Style Pasta','6221236934156','60','7','38','13','Dry/Baking Goods'),(45,'Peanut Butter Cereal','6221236934157','30','4','42','13','Dairy'),(46,'Italian Herb Porcini Mushrooms Chicken Sausage','6221236934158','35','1','34','13','Meats'),(47,'Traditional Lasagna with Meat Sauce Savory Italian Recipes','6221236934159','44','6','86','13','Sauces'),(48,'Noodle Soup Mix With Chicken Broth','6221236934160','70','17','70','13','Meats'),(49,'Ultra Antibacterial Dish Liquid','6221236934161','25','20','63','13','others'),(50,'Daily Tangerine Citrus Flavored Beverage','6221236934162','28','13','9','13','Beverages'),(51,'Beef Hot Links Beef Smoked Sausage With Chile Peppers','6221236934163','36','11','28','13','Meats'),(52,'Organic Sourdough Einkorn Crackers Rosemary','6221236934164','64','5','65','13','Snacks'),(53,'Biotin 1000 mcg','6221236934165','50','7','50','13','others'),(54,'Organic Clementines','6221236934166','12','8','38','13','others'),(55,'Sparkling Raspberry Seltzer','6221236934167','14','11','35','13','others'),(56,'European Cucumber','6221236934168','70','19','39','13','others'),(57,'Raisin Cinnamon Bagels 5 count','6221236934169','29','17','88','13','others'),(58,'Onion Flavor Organic Roasted Seaweed Snack','6221236934170','21','3','38','13','Snacks'),(59,'School Glue& Washable& No Run','6221236934171','22','19','16','13','Cleaners'),(60,'Vegetarian Grain Meat Sausages Italian - 4 CT','6221236934172','39','9','36','13','Meats'),(61,'Pumpkin Muffin Mix','6221236934173','44','15','6','13','others'),(62,'Sa Extra Hold Mousse Hair Styling','6221236934174','56','20','80','13','others'),(63,'Mirabelle Brut Rose','6221236934175','68','18','91','13','others'),(64,'Whole Leaf Pure Aloe With Lemon Juice','6221236934176','27','18','64','13','Beverages'),(65,'24/7 Performance Cat Litter','6221236934177','34','13','68','13','others'),(66,'Lasting Color Shampoo','6221236934178','69','4','62','13','Cleaners'),(67,'Healthy Pop Butter Popcorn','6221236934179','43','13','15','13','Dairy'),(68,'Flat Toothpicks','6221236934180','62','14','21','13','others'),(69,'Whole Wheat Tortillas','6221236934181','64','7','98','13','others'),(70,'Medium Taqueria Style Chipotle Salsa','6221236934182','36','6','72','13','others'),(71,'Cheesy Creations Roasted Garlic Parmesan Sauce','6221236934183','59','17','79','13','Sauces'),(72,'Ramen Noodles Soup Chicken Mushroom Flavor','6221236934184','21','21','46','13','Meats'),(73,'Premium Deli Oven Roasted Turkey Breast','6221236934185','13','7','53','13','others'),(74,'Banana & Sweet Potato Organic Teething Wafers','6221236934186','61','20','75','13','others'),(75,'Autumn Vegetable & Turkey Dinner with Lil\' Bits Purees Dinner','6221236934187','44','11','4','13','others'),(76,'Organic Red Wine & Olive Oil Dressing Organic','6221236934188','68','9','96','13','others'),(77,'European Style Spring Mix','6221236934189','12','19','82','13','others'),(78,'Jelly&Blackberry','6221236934190','13','19','94','13','others'),(79,'Pancake Mix&Buttermilk','6221236934191','41','15','9','13','Dairy'),(80,'Vanilla with Almond Milk Iced Coffee','6221236934192','51','13','36','13','Dairy'),(81,'Sweet Cooking Rice Seasoning','6221236934193','10','1','50','13','others'),(82,'Ultra 7 Inch Polypropylene Traditional Plates','6221236934194','13','7','71','13','others'),(83,'Organic Honeycrisp Apples','6221236934195','59','3','4','13','others'),(84,'Jasmine Tea Unfiltered Ginger Ale','6221236934196','53','12','17','13','Beverages'),(85,'Artisan Chick\'n & Apple Sausage','6221236934197','45','20','69','13','Meats'),(86,'Hemp Protein&Organic','6221236934198','59','2','85','13','others'),(87,'Spinach Basil Garlic Linguini','6221236934199','62','7','5','13','others'),(88,'Coconut Chocolate Chip Energy Bar','6221236934200','34','11','88','13','Snacks'),(89,'Nutter Butter Cookie Bites Go-Pak','6221236934201','26','4','51','13','Dairy'),(90,'Wild Albacore Tuna No Salt Added','6221236934202','32','14','57','13','others'),(91,'French  Tarragon Wine Vinegar','6221236934203','23','11','5','13','others'),(92,'Blakes Chicken Parmesan Dinner','6221236934204','34','8','64','13','Meats'),(93,'All Natural 100% Apple Juice','6221236934205','27','19','1','13','Beverages'),(94,'100% Whole Wheat Pita Bread','6221236934206','65','18','28','13','others'),(95,'Lamb Shank','6221236934207','66','6','58','13','others'),(96,'Soppressata Piccante','6221236934208','33','13','100','13','others'),(97,'Camilia&Single Liquid Doses','6221236934209','61','7','21','13','others'),(98,'Classics Earl Grey Tea','6221236934210','35','16','5','13','Beverages'),(99,'Probiotics High Potency Capsules','6221236934211','21','4','59','13','others'),(100,'Yogurt Fruit Dip Sliced Apples','6221236934212','17','1','51','13','Dairy'),(101,'Smorz Cereal','6221236934213','56','3','42','13','others'),(102,'Kind Prenatal Once Daily','6221236934214','21','19','26','13','others'),(103,'Meat In The Middle Large Rawhide Chews','6221236934215','57','19','95','13','Meats'),(104,'Uncured Cracked Pepper Beef','6221236934216','10','15','92','13','Meats'),(105,'Organic Blueberry Blitz Fruit & Veggie Smoothie Mashups','6221236934217','55','17','74','13','Fruit'),(106,'Organic Rice Vinegar','6221236934218','58','18','54','13','others'),(107,'Sprinklez Confetti Fun Organic Toppings','6221236934219','30','13','77','13','others'),(108,'Organic Chamomile Lemon Tea','6221236934220','49','3','25','13','Beverages'),(109,'2% Yellow American Cheese','6221236934221','63','20','27','13','Dairy'),(110,'Local Living Butter Lettuce','6221236934222','29','21','64','13','Dairy'),(111,'Peanut Butter & Strawberry Jam Sandwich','6221236934223','62','17','31','13','Dairy'),(112,'Bread&Healthy Whole Grain','6221236934224','50','13','93','13','others'),(113,'Danish Butter Cookies','6221236934225','39','11','51','13','Dairy'),(114,'Sprouted Kale Cracker','6221236934226','34','15','43','13','others'),(115,'High Fiber Tomato Basil Soup','6221236934227','12','19','63','13','others'),(116,'Easy Grab 9\\\"x13\\\" Oblong Glass Bakeware','6221236934228','31','3','96','13','others'),(117,'Organic Yummy Tummy Maple & Brown Sugar Instant Oatmeal','6221236934229','68','16','5','13','Dry/Baking Goods'),(118,'Mild Salsa Divino','6221236934230','56','1','72','13','others'),(119,'Organic Sprouted Barley Bread','6221236934231','57','5','49','13','others'),(120,'Grape Leaf Hummus Wrap','6221236934232','65','4','5','13','others'),(121,'Uncured Turkey Bologna','6221236934233','65','16','54','13','others'),(122,'Fabric Softener&Geranium Scent','6221236934234','57','13','8','13','others'),(123,'Hot Tomatillo Salsa','6221236934235','45','13','74','13','others'),(124,'Infant\'s Blend Probiotic','6221236934236','15','19','3','13','others'),(125,'Light Savory Beef Barley Vegetable Soup','6221236934237','69','11','22','13','Meats'),(126,'Scooby-Doo! Fruit Flavored Snacks','6221236934238','17','9','55','13','Snacks'),(127,'English Muffins','6221236934239','50','16','47','13','others'),(128,'Petit Suisse Fruit','6221236934240','67','1','90','13','Fruit'),(129,'Ground Turkey Chub','6221236934241','20','15','82','13','others'),(130,'Chardonnay Paso Robles','6221236934242','20','1','46','13','others'),(131,'Cauliflower Florettes','6221236934243','25','3','71','13','others'),(132,'Sharp Cheddar','6221236934244','35','16','62','13','others'),(133,'Pomegranate Molasses','6221236934245','41','11','57','13','others'),(134,'Sherry Reserve Vinegar','6221236934246','31','17','17','13','others'),(135,'Sun Cups Dark Chocolate','6221236934247','53','19','78','13','Snacks'),(136,'Herbal Armor DEET-Free Natural Insect Repellant','6221236934248','45','19','21','13','others'),(137,'Hot & Spicy Chicken Flavor Ramen Noodles','6221236934249','39','16','56','13','Meats'),(138,'Marscapone','6221236934250','16','20','11','13','others'),(139,'Organic Wild Blueberries','6221236934251','11','9','31','13','others'),(140,'Traditional Chicken & Orzo with Lemon Soup','6221236934252','24','19','95','13','Meats'),(141,'Vanilla Milk Chocolate Almond Ice Cream Bars Multi-Pack','6221236934253','18','19','30','13','Snacks'),(142,'Brioche Bachelor Loaf','6221236934254','34','4','85','13','others'),(143,'Yogurt Strawberry Pomegranate','6221236934255','38','4','10','13','Dairy'),(144,'Purifying Daily Detox Scrub','6221236934256','56','13','12','13','others'),(145,'Stain Release Boost In-Wash Stain Remover Pacs','6221236934257','11','19','51','13','Cleaners'),(146,'Dark Chocolate Ice Cream Topping','6221236934258','54','11','24','13','Snacks'),(147,'Simple','6221236934259','65','20','58','13','others'),(148,'Very Vanilla Soymilk','6221236934260','28','4','32','13','Dairy'),(149,'Olli Napoli Salami','6221236934261','58','13','75','13','others'),(150,'Zita Cut&No. 118','6221236934262','60','5','97','13','others'),(151,'Chips Onion Chipotle Garlic','6221236934263','30','11','1','13','Snacks'),(152,'Restaurant Style Organic Chia & Quinoa Tortilla Chips','6221236934264','63','11','33','13','Snacks'),(153,'Arugula Salad','6221236934265','54','17','3','13','Veggies'),(154,'Organic Lemons','6221236934266','17','1','72','13','others'),(155,'Coarse Grind Garlic Powder & Parsley Blend','6221236934267','67','1','19','13','others'),(156,'Traditional Water Crackers','6221236934268','21','19','4','13','Snacks'),(157,'Anti Diarrheal Caplets','6221236934269','10','4','25','13','others'),(158,'Organic Ranch Veggie Dip','6221236934270','63','20','16','13','others'),(159,'Nectarines','6221236934271','34','11','1','13','others'),(160,'Wild Blueberry All Natural Fruit Spread','6221236934272','53','13','95','13','Fruit'),(161,'Brut Rosé','6221236934273','12','6','13','13','others'),(162,'Aromatherapaes Stress Reducing Lavender & Chamomile Spa Bath','6221236934274','43','1','61','13','Meats'),(163,'3 in 1 Soap for Every Man&Cucumber & Lemon','6221236934275','35','13','54','13','others'),(164,'Fabric Refresher Meadows & Rain Air Freshener (1 Count+ 27 oz)  Air Care','6221236934276','21','19','51','13','others'),(165,'Corn Dogs&Mini&Honey Crunchy Flavor','6221236934277','51','9','94','13','others'),(166,'Artisan Ciabatta','6221236934278','60','19','55','13','others'),(167,'Extra Spearmint Sugar-Free Gum','6221236934279','18','7','72','13','Dry/Baking Goods'),(168,'Living Organic Cilantro','6221236934280','62','13','87','13','others'),(169,'Smoked Ham & Oven Roasted Turkey Sub Sandwich Kit','6221236934281','30','16','57','13','Meats'),(170,'Calcium Adult Gummy Vitamins&Orange Cherry & Strawberry','6221236934282','43','11','93','13','others'),(171,'100% Recycled Aluminum Foil','6221236934283','38','13','99','13','others'),(172,'Hacho Miso Aged & Fermented Soybeans','6221236934284','50','19','12','13','Veggies'),(173,'Organic Mini Homestyle Waffles','6221236934285','56','9','65','13','Frozen Goods'),(174,'Dressing Bleu Cheese','6221236934286','52','11','65','13','Dairy'),(175,'Peanut Butter Cacao Quinoa Clusters','6221236934287','20','12','1','13','Dairy'),(176,'Wild Chanterelle Mushroom Ravioli','6221236934288','40','20','19','13','others'),(177,'Garlic Parmesan Pita Bread Chips','6221236934289','66','7','20','13','Snacks'),(178,'Sparkling Blush Grape Juice','6221236934290','53','1','51','13','Beverages'),(179,'Halves & Pieces Walnuts','6221236934291','63','9','67','13','others'),(180,'Extra Sharp Cheddar Cheese','6221236934292','41','19','96','13','Dairy'),(181,'Single Herbs Ginkgo Leaf Dietary Supplement','6221236934293','20','15','61','13','others'),(182,'Steakhouse Onion Burger with Garlic Seasoning','6221236934294','39','11','57','13','Beverages'),(183,'Gluten Free All Natural Chocolate Chip Cookies','6221236934295','48','19','34','13','Snacks'),(184,'Habanero Lime Shrimp Flavor Ramen Noodle Soup','6221236934296','62','19','18','13','Meats'),(185,'Vanishing Acne Treatment Cream','6221236934297','63','1','46','13','others'),(186,'T Bone Steak','6221236934298','11','17','1','13','Beverages'),(187,'Original Turkey','6221236934299','11','15','19','13','others'),(188,'Citrus Terere Yerba Mate','6221236934300','12','20','87','13','others'),(189,'Vegan Santa Fe Style Flour Tortilla Rolled Tacos','6221236934301','45','3','63','13','Dry/Baking Goods'),(190,'Penne Rigate With Spinach','6221236934302','11','15','51','13','others'),(191,'Simply Beyond Black Bean Tortilla Chips','6221236934303','50','9','67','13','Snacks'),(192,'Country Style Baked Beans','6221236934304','29','6','20','13','Veggies'),(193,'Acti-Fresh Body Shape Long Unscented To Go Panty Liners','6221236934305','25','7','89','13','others'),(194,'Cookie Dough Performance Energy','6221236934306','26','12','76','13','others'),(195,'Kisses Milk Chocolate Candy','6221236934307','57','16','38','13','Snacks'),(196,'Chicken Nugget Meal','6221236934308','48','7','46','13','Meats'),(197,'Fresh Scent Dishwasher Detergent with Dawn','6221236934309','51','7','33','13','Cleaners'),(198,'Wild Sardines in Marinara Sauce','6221236934310','24','20','60','13','Sauces'),(199,'Mild El Nino Salsa','6221236934311','54','4','13','13','others'),(200,'Healthfull Nuts & Seeds Bread','6221236934312','22','11','79','13','others'),(201,'Classic Culinary Low Sodium Vegetable Broth','6221236934313','18','1','33','13','others'),(202,'Medium Spicy Butter Chicken Simmer Sauce','6221236934314','47','1','81','13','Sauces'),(203,'Israeli Style Gefilte Fish','6221236934315','55','11','5','13','Meats'),(204,'fruitwater® Strawberry Kiwi Sparkling Water','6221236934316','67','17','73','13','Fruit'),(205,'Lamb Rib Chops','6221236934317','56','19','90','13','others'),(206,'Grade A Pasteurized 2% Milkfat Lowfat Cottage Cheese with Pineapple','6221236934318','28','1','20','13','Dairy'),(207,'Soda','6221236934319','11','19','23','13','Beverages'),(208,'Cold Brew Coffee Tahitian Vanilla','6221236934320','60','16','24','13','Beverages'),(209,'Tzatziki Cucumber Sauce','6221236934321','29','20','42','13','Sauces'),(210,'Herb Thyme Clamshell','6221236934322','29','9','34','13','others'),(211,'Radiant Pantiliners Regular Wrapped Unscented','6221236934323','41','14','58','13','others'),(212,'Sloppy Joe','6221236934324','70','19','72','13','others'),(213,'Spinach & Feta Pierogi','6221236934325','10','19','98','13','others'),(214,'Rescue Remedy&Spray','6221236934326','63','11','65','13','others'),(215,'Free & Clear Natural Laundry Detergent For Sensitive Skin','6221236934327','48','6','98','13','others'),(216,'Chocolate Mint Cookie Crunch Nutrition Bar','6221236934328','17','14','32','13','Snacks'),(217,'Roasted Vegetable Soufflé','6221236934329','41','16','37','13','others'),(218,'Minis Candy Bars','6221236934330','15','3','22','13','others'),(219,'Vanilla Almond Cashew Almondmilk Cashewmilk Blend','6221236934331','16','18','68','13','Dairy'),(220,'Italian Pasta Salad','6221236934332','43','11','84','13','Dry/Baking Goods'),(221,'Homemade Hot Arrabbiata Fra Diavolo Sauce','6221236934333','44','7','78','13','Sauces'),(222,'Gluten Free Organic Cereal Coconut Maple Vanilla','6221236934334','57','14','82','13','others'),(223,'Organic Blue Corn Sea Salt Tortilla Chips','6221236934335','45','7','51','13','Snacks'),(224,'Tapatio Salsa Picante Hot Sauce Tortilla Chips','6221236934336','36','17','38','13','Sauces'),(225,'Argan Oil of Morocco Renewing Weightless Healing Dry Oil Hair Oil','6221236934337','22','19','47','13','others'),(226,'Sambal Oelek Ground Fresh Chili Paste','6221236934338','44','16','82','13','others'),(227,'Gluten Free Oatmeal&Variety Pack','6221236934339','41','19','84','13','others'),(228,'String Cheese&Mozzarella','6221236934340','57','15','98','13','Dairy'),(229,'6\\\" Organic Carrot Cake','6221236934341','66','11','64','13','others'),(230,'Totz Toothbrush Extra Soft 18+ Months','6221236934342','19','13','31','13','others'),(231,'Tegaderm Waterproof Transparent Dressing','6221236934343','64','7','7','13','others'),(232,'Cayenne Lemonade Made With Raw Tristate Honey','6221236934344','46','1','68','13','Beverages'),(233,'Honey Nut Oatmeal Squares','6221236934345','58','13','2','13','others'),(234,'Kiwi Strawberry Sparkling Water','6221236934346','61','11','17','13','others'),(235,'Foaming Hand Soap Kid Watermelon','6221236934347','28','7','54','13','others'),(236,'3 Seed Blue Corn Dipping Chips','6221236934348','19','1','77','13','Snacks'),(237,'Shaved Parmesan Cheese','6221236934349','53','16','79','13','Dairy'),(238,'Triple Chocolate Snack Size','6221236934350','14','7','12','13','Snacks'),(239,'Organic Soups Lentil','6221236934351','63','7','28','13','others'),(240,'EcoNet Recycled Bath Sponge','6221236934352','28','1','42','13','others'),(241,'Vanilla Cream Soda','6221236934353','64','11','12','13','Beverages'),(242,'Low Sodium Turkey','6221236934354','37','17','81','13','others'),(243,'Blue Bottle Coffee Frozen Bar','6221236934355','11','18','53','13','Frozen Goods'),(244,'Chinese Breakfast Black Tea','6221236934356','16','19','28','13','Beverages'),(245,'Tennessee Whiskey','6221236934357','47','12','81','13','others'),(246,'Gluten Free Blueberry Muffin Mix','6221236934358','53','1','83','13','others'),(247,'Chicken Meatballs Dog Treats','6221236934359','27','9','82','13','Meats'),(248,'Brambleberry Herbal Tea','6221236934360','59','7','85','13','Beverages'),(249,'Alpha-Bits Multigrain Cereal','6221236934361','46','8','64','13','others'),(250,'Chicharrones Picante Flavor Pork Rinds','6221236934362','20','11','68','13','others'),(251,'Nature\'s Seasons Seasoning Blend','6221236934363','62','12','7','13','others'),(252,'Shrimp with Pasta & Vegetables','6221236934364','24','11','79','13','Dry/Baking Goods'),(253,'Original Red Twists','6221236934365','11','19','58','13','others'),(254,'Taco Reduced Sodium Seasoning Mix','6221236934366','54','8','68','13','others'),(255,'Organic Roasted Garlic Pasta Sauce','6221236934367','32','13','77','13','Dry/Baking Goods'),(256,'Poppy Seed Bagels','6221236934368','65','7','38','13','others'),(257,'Triple-Acting Laundry Stain Remover','6221236934369','27','1','31','13','others'),(258,'Perfectly Thymed Pita Crisps Baked','6221236934370','67','13','11','13','others'),(259,'Dried Sweetened Cranberries','6221236934371','64','11','38','13','others'),(260,'Pinot Grigio& California2010','6221236934372','28','7','96','13','others'),(261,'Authentic Deep Dish& Spinach & Garlic Pizza','6221236934373','51','1','78','13','others'),(262,'Extra Strength Melatonin Adult Gummies','6221236934374','67','16','57','13','others'),(263,'Waffles& Red Berry','6221236934375','13','7','74','13','Frozen Goods'),(264,'Organic Vegetable Greens & Greens Juice Blend','6221236934376','54','7','67','13','Beverages'),(265,'Honey Mustard','6221236934377','63','1','41','13','others'),(266,'Cold Remedy& Quick Dissolve Tablets& Cherry Flavor','6221236934378','36','11','61','13','others'),(267,'Island Fruits Fruit Snacks','6221236934379','29','17','24','13','Snacks'),(268,'Key Lime Soda','6221236934380','13','18','24','13','Beverages'),(269,'Vegetable Pot Pie','6221236934381','37','19','46','13','others'),(270,'Imported Italian Solid Light Tuna In Pure Olive Oil','6221236934382','11','12','30','13','others'),(271,'Cantaloupe','6221236934383','54','1','98','13','others'),(272,'Organic Southwestern Burrito','6221236934384','32','9','19','13','others'),(273,'Petite Dill Pickles','6221236934385','54','7','88','13','others'),(274,'Red Food Color','6221236934386','53','8','91','13','others'),(275,'Non-Fat Blueberry on the Bottom Greek Yogurt','6221236934387','58','11','37','13','Dairy'),(276,'Glass Storage Container with Green Silicone Protection','6221236934388','21','12','8','13','others'),(277,'Rio Berry','6221236934389','24','11','89','13','others'),(278,'Triple Chocolate Ripple','6221236934390','10','19','26','13','Snacks'),(279,'Sponge Mop','6221236934391','33','8','28','13','others'),(280,'Stuffed Crust Five Cheese Pizza','6221236934392','30','13','76','13','Dairy'),(281,'OneZip Storage Bags Quart Size Value Pack','6221236934393','57','7','74','13','others'),(282,'TAI PEI      14OZ.SWEET & SOUR CHKN','6221236934394','30','1','24','13','others'),(283,'Propolis Herbal Supplement','6221236934395','39','13','5','13','others'),(284,'Thin Stackers Brown Rice  Salt Free','6221236934396','67','11','81','13','others'),(285,'Snack Bags','6221236934397','20','7','69','13','Snacks'),(286,'Caramel Sauce','6221236934398','24','1','63','13','Sauces'),(287,'French Vanilla Ice Cream','6221236934399','12','16','48','13','Frozen Goods'),(288,'Diet Root Beer','6221236934400','13','7','58','13','others'),(289,'Instant Mashed Potatoes','6221236934401','32','7','57','13','Beverages'),(290,'Everyday Detox Dandelion Tea','6221236934402','40','1','73','13','Beverages'),(291,'Makeup Remover Cleansing Towelettes','6221236934403','69','11','90','13','others'),(292,'Chai Tea Bags','6221236934404','50','17','45','13','Beverages'),(293,'Oh My Cod! Cod Pate and Vegetables Cat Food','6221236934405','44','18','75','13','others'),(294,'Organic Whole Wheat Elbows','6221236934406','32','19','40','13','others'),(295,'Organic Spicy Heirloom Marinara Sauce','6221236934407','70','12','23','13','Sauces'),(296,'Mini Nilla Wafers Munch Pack','6221236934408','22','1','60','13','others'),(297,'Lite Poppy Seed Dressing Lite','6221236934409','28','9','15','13','others'),(298,'Turkey','6221236934410','63','7','11','13','others'),(299,'Original Sprouted Grains Protein & Fiber Hot Oatmeal','6221236934411','53','8','96','13','others'),(300,'100% Juice No Sugar Added Fruit Punch','6221236934412','62','11','70','13','Dry/Baking Goods'),(301,'Organic Peppermint Lemonade','6221236934413','53','12','58','13','Beverages'),(302,'Mint Dental Floss','6221236934414','60','11','40','13','others'),(303,'Fresh Multi-Purpose Contact Lens Solution','6221236934415','31','19','92','13','others'),(304,'Prime Filets Chicken & Tuna Dinner in Gravy Cat Food','6221236934416','22','8','22','13','Meats'),(305,'Minis Original Saltine Crackers','6221236934417','52','13','33','13','Snacks'),(306,'Chewables Extra Strength Cherry Creme - 48 CT','6221236934418','67','7','35','13','others'),(307,'For Men Odor Armor Body Wash','6221236934419','51','1','18','13','Cleaners'),(308,'Write Bros Ball Point Pens&Cap-Pen& Medium (1.0 mm)&Black Ink','6221236934420','22','13','4','13','others'),(309,'Brisk With Lemon Iced Tea','6221236934421','56','11','83','13','Beverages'),(310,'Organic Apple Spinach Kale Coconut Water Superjuice','6221236934422','31','7','28','13','Beverages'),(311,'Organic Enriched Unbleached White Flour','6221236934423','32','1','45','13','Dry/Baking Goods'),(312,'Biotin 10&000mcg Maximum Strength','6221236934424','23','16','86','13','others'),(313,'Gourmet Dog Treats Bone','6221236934425','58','7','73','13','others'),(314,'Candy& Original','6221236934426','17','7','34','13','others'),(315,'Dry Roasted Pistachios','6221236934427','31','1','35','13','others'),(316,'Wild Forest Raw Neem Honey','6221236934428','35','11','46','13','others'),(317,'Gold Potatoes','6221236934429','37','17','11','13','Beverages'),(318,'Precious Mozzarella Cheese','6221236934430','37','18','9','13','Dairy'),(319,'Advanced Haircare Color Vibrancy Nourishing Shampoo','6221236934431','41','19','46','13','Cleaners'),(320,'Graduates Lil\' Entrees Spiral Pasta In Turkey Meat Sauce With Green & Yellow Beans','6221236934432','43','12','42','13','Dry/Baking Goods'),(321,'Crackers& Puffed& Corn& Quinoa & Sesame','6221236934433','56','1','32','13','Snacks'),(322,'Naturals Savory Turkey Breakfast Sausage','6221236934434','27','9','30','13','Meats'),(323,'Juicing Carrots','6221236934435','50','7','70','13','others'),(324,'Peppermint/Banana Split Variety Pack Frozen Dairy Dessert Cones','6221236934436','45','8','90','13','Frozen Goods'),(325,'Extra Whitening Multi-Benefit Fluoride Toothpaste','6221236934437','62','11','96','13','Cleaners'),(326,'Creamy Italian Dressing Marinade','6221236934438','16','12','15','13','others'),(327,'Revive Anti-Perspirant Deodorant','6221236934439','10','11','78','13','others'),(328,'Best Grains Honey & Crunch Oat Bread','6221236934440','70','19','16','13','others'),(329,'Apple Cinnamon Crisp Candle','6221236934441','43','8','49','13','others'),(330,'Steamfresh Chef\'s Favorites Lightly Sauced Roasted Red Potatoes & Green Beans','6221236934442','53','13','8','13','Sauces'),(331,'Glycerine Soap&Pure and Natural& Cucumber','6221236934443','67','7','69','13','others'),(332,'Echinacea Goldenseal Alcohol Free Extract','6221236934444','13','1','35','13','others'),(333,'Brooklyn Pizza Dough','6221236934445','60','13','71','13','others'),(334,'Natural Food Color Packets','6221236934446','51','11','44','13','others'),(335,'Strong & Kind Roasted Jalapeno Almond Protein Bar','6221236934447','30','7','38','13','others'),(336,'Veggie-Style Mini Corn Dogs','6221236934448','12','1','81','13','others'),(337,'Deluxe Sauce Made with 2% Milk Cheese Macaroni & Cheese Dinner','6221236934449','43','16','1','13','Sauces'),(338,'Green Peas& Organic&Petite','6221236934450','30','7','59','13','Veggies'),(339,'Disinfectant Spray Cherry Blossom & Pomegranate Scent','6221236934451','20','7','88','13','others'),(340,'Organic Whole Grassmilk Milk','6221236934452','68','1','90','13','Dairy'),(341,'Chilpotles in Adobo Sauce','6221236934453','44','11','80','13','Sauces'),(342,'Organic Lemon Gingersnap','6221236934454','27','17','73','13','others'),(343,'Raspberry Fig Bars','6221236934455','50','18','46','13','others'),(344,'Basil Daly Bar Soap','6221236934456','62','19','14','13','others'),(345,'Sparkling Raspberry Lemonade Water Beverage','6221236934457','30','12','21','13','Beverages'),(346,'Blueberry Kombucha','6221236934458','40','1','34','13','others'),(347,'Black Currant Kombucha','6221236934459','45','9','85','13','others'),(348,'Soap& Pure-Castile& 18-in-1 Hemp& Lavender','6221236934460','18','7','33','13','others'),(349,'Yahrzeit Light Memorial Candle','6221236934461','10','8','97','13','others'),(350,'Creamline Yogurt Wild Blueberry','6221236934462','10','11','66','13','Dairy'),(351,'Eco-Pac Kamut Puffs Cereal','6221236934463','13','12','88','13','others'),(352,'Cheese Creations Four Cheese Cheese Sauce','6221236934464','40','11','31','13','Sauces'),(353,'Complete Health Deboned Chicken& Chicken Meal and Rice Cat Food','6221236934465','50','19','34','13','Meats'),(354,'Organic Whole Peeled Baby Carrots','6221236934466','64','8','12','13','others'),(355,'Lime Sherbet','6221236934467','29','13','16','13','others'),(356,'Extra Strength Berry','6221236934468','54','7','27','13','others'),(357,'Sunflower Bread','6221236934469','49','1','86','13','others'),(358,'Vegetable Salad Kit& Sweet Kale','6221236934470','46','13','96','13','Veggies'),(359,'Super Slimming Herbal Tea','6221236934471','30','11','60','13','Beverages'),(360,'Organic Granulated Tapioca','6221236934472','62','7','45','13','others'),(361,'Mixed 12 Pack Lion\'s Share Ale','6221236934473','10','1','71','13','others'),(362,'Go Fresh Nutrium Moisture Body Wash Blue Fig & Orange Blossom Scent','6221236934474','10','16','11','13','Cleaners'),(363,'Colby Jack & Mild Cheddar Combo Pack','6221236934475','29','7','40','13','others'),(364,'Tzatziki Greek Yogurt Dip','6221236934476','67','7','85','13','Dairy'),(365,'Twist n Loc Small Round Containers + Lids','6221236934477','30','1','15','13','others'),(366,'Ground Flaxseed With Mixed Berries','6221236934478','58','11','22','13','others'),(367,'Ristorante Pizza Spinaci Thin Crust Pizza','6221236934479','20','17','17','13','others'),(368,'White Writing Gel','6221236934480','64','18','78','13','others'),(369,'Frozen All Butter Pound Cake','6221236934481','46','19','14','13','Frozen Goods'),(370,'Deli Thin-Sliced Honey Ham','6221236934482','21','12','55','13','Meats'),(371,'Whole Wheat Spanakopita','6221236934483','30','1','90','13','others'),(372,'Day and Night Multi-Symptom and Severe Cold & Cough Pain Reliever/Fever Reducer','6221236934484','48','9','32','13','others'),(373,'Pound Cake Cake Mix','6221236934485','48','7','7','13','others'),(374,'Water Crackers Original All Natural','6221236934486','32','8','29','13','Snacks'),(375,'Greener Selection Salad','6221236934487','41','11','63','13','Veggies'),(376,'Cheerios Cereal','6221236934488','53','12','71','13','others'),(377,'Vitamin C 1000 Mg Tropical Drink Mix Dietary Supplement','6221236934489','14','11','7','13','others'),(378,'Ultimate Omega 1000 mg Lemon Soft Gels','6221236934490','10','19','26','13','others'),(379,'Fabric Softener Dryer Sheet Free & Gentle 200CT Fabric Enhancers','6221236934491','57','8','18','13','others'),(380,'New Mexico Chili','6221236934492','30','13','18','13','others'),(381,'Chocolate Caramel Whey Protein Bar','6221236934493','70','7','33','13','Snacks'),(382,'Juniper Berry Soda','6221236934494','23','1','32','13','Beverages'),(383,'Moisture Rich Sweet Orange & Argan Conditioner','6221236934495','35','13','96','13','others'),(384,'Honey Glazed Carrots','6221236934496','62','11','78','13','others'),(385,'Sliced Kosher Salami','6221236934497','66','7','1','13','others'),(386,'Multigrain Spaghetti Style Pasta','6221236934498','55','1','41','13','Dry/Baking Goods'),(387,'Even & Bright Pink Lemon and Mandarin Orange Body Wash','6221236934499','12','16','17','13','Cleaners'),(388,'Chunky Beef with Vegetables & Brown Rice Dog Food','6221236934500','52','7','22','13','Meats'),(389,'Powerball Quantum Max Shine & Protect Automatic Dishwasher Detergent','6221236934501','45','7','96','13','Cleaners'),(390,'Super Dry Beer','6221236934502','67','1','43','13','others'),(391,'Clementine Bag','6221236934503','14','11','47','13','others'),(392,'Toaster Pops Strawberry','6221236934504','42','17','2','13','others'),(393,'Sugar Free Mint Patties','6221236934505','41','18','20','13','Dry/Baking Goods'),(394,'Breaded Chicken Breast Tenders','6221236934506','61','19','4','13','Meats'),(395,'EverCurl Hydracharge Conditioner','6221236934507','31','12','25','13','others'),(396,'Liquid Drink Mix Blackberry Lemonade','6221236934508','47','1','39','13','Beverages'),(397,'Real Chicken & Veggies Recipe Dog Food','6221236934509','53','9','31','13','Meats'),(398,'Chocolate Brownie Flavor Protein Bar','6221236934510','64','7','40','13','Snacks'),(399,'Stove Top Stuffing Mix for Turkey','6221236934511','70','8','12','13','others'),(400,'Mache Blend','6221236934512','16','11','89','13','others'),(401,'Super Enzymes','6221236934513','44','12','15','13','others'),(402,'Organic Yukon Gold Potato Bag','6221236934514','21','11','57','13','others'),(403,'OPA Greek Yogurt Ranch Dressing','6221236934515','69','19','28','13','Dairy'),(404,'Phoenix Anti-Perspirant & Deodorant Stick Twin Pack','6221236934516','44','8','53','13','others'),(405,'Aquaphor Healing Ointment','6221236934517','57','15','21','13','others'),(406,'Sweet Cream Buttermilk Powder','6221236934518','42','19','21','13','Dairy'),(407,'Cashews Natural Unsalted','6221236934519','28','11','5','13','others'),(408,'Pure Granulated Cane Sugar','6221236934520','48','11','14','13','Dry/Baking Goods'),(409,'Organic Hard Candy Blood Orange and Honey','6221236934521','46','19','64','13','others'),(410,'Organic Strawberry Lemon-ade','6221236934522','10','7','9','13','others'),(411,'Grass-Fed Yogurt Blueberry Cardamom','6221236934523','28','11','23','13','Dairy'),(412,'Flat Floss& Antiplaque&Naturally Waxed& Spearmint','6221236934524','20','11','25','13','others'),(413,'100% Pure Beef Homestyle Patties','6221236934525','42','11','57','13','Meats'),(414,'Ultra Thin Pastrami','6221236934526','29','1','17','13','others'),(415,'Reg','6221236934527','26','17','51','13','others'),(416,'100% Organic Diced Tomatoes','6221236934528','37','17','58','13','others'),(417,'Vanilla Almond Protein Bar','6221236934529','57','21','25','13','others'),(418,'Almond Glow Almond Body Lotion/Massage Oil','6221236934530','19','9','78','13','others'),(419,'Pink Vitamin C 1000 Mg Pink Lemonade Drink Mix','6221236934531','41','16','76','13','Beverages'),(420,'Original Bite Size Candies Natural & Artificial Flavors Fun Size','6221236934532','57','7','8','13','others'),(421,'Holiday Sugar Plum Spice Herbal Tea','6221236934533','29','16','8','13','Dry/Baking Goods'),(422,'Super Plus Cardboard Applicator Unscented Tampons','6221236934534','69','19','2','13','others'),(423,'Brazilian Keratin & Argan Oil Leave-In Conditioning & Styling Elixir','6221236934535','51','13','100','13','others'),(424,'Dual Action Beta Immune and Anti-Oxidant Effervescent Citrus','6221236934536','43','9','49','13','others'),(425,'Gluten Free Chicken Rustica Pizza','6221236934537','49','6','22','13','Meats'),(426,'16 oz Cold Cups','6221236934538','38','18','6','13','others'),(427,'Laundry Soil Stain Remover','6221236934539','59','13','6','13','others'),(428,'Classics Baby Binks Easter Chocolate Bunny','6221236934540','30','17','95','13','Snacks'),(429,'Whole Grain Linguine Pasta','6221236934541','45','15','72','13','Dry/Baking Goods'),(430,'Light & Fit Strawberry Cheesecake Greek Nonfat Yogurt','6221236934542','36','5','46','13','Dairy'),(431,'International Cafe French Vanilla Mix','6221236934543','29','1','91','13','others'),(432,'Garlic & Herb Fresh Goat Cheese','6221236934544','23','16','55','13','Dairy'),(433,'Mix-Up Flamin\' Hot & Cheezy Mix Flavored Snack Mix','6221236934545','54','19','72','13','Snacks'),(434,'Red Jalapeno Caesar Dressing','6221236934546','24','17','30','13','others'),(435,'Linguine Pasta','6221236934547','33','19','81','13','Dry/Baking Goods'),(436,'Sardines in Water Salt Added','6221236934548','10','1','90','13','others'),(437,'2nd Foods Bananas','6221236934549','53','21','25','13','others'),(438,'Italian Style Panko Breadcrumbs','6221236934550','68','14','75','13','others'),(439,'Everyday Mega Pack Paper Plates','6221236934551','12','19','58','13','others'),(440,'Dark Red Kidney Beans','6221236934552','18','21','35','13','Veggies'),(441,'Born Yesterday Pale Ale','6221236934553','53','11','69','13','others'),(442,'Ice Cream&Cookies & Cream','6221236934554','41','8','87','13','others'),(443,'Vanilla Almond Breeze Almond Milk','6221236934555','46','17','33','13','Dairy'),(444,'Organic Whole Granulation Roasted Buckwheat Groats','6221236934556','34','3','69','13','others'),(445,'Beach Sage Liquid Fabric Softener','6221236934557','23','19','36','13','others'),(446,'Dark Chocolate Raisins','6221236934558','12','16','96','13','Snacks'),(447,'Petite Brussels Sprouts','6221236934559','16','7','67','13','others'),(448,'Strawberry Cheesecake Nonfat Yogurt','6221236934560','61','15','36','13','Dairy'),(449,'Special K Vanilla Cappuccino Protein Breakfast Shakes','6221236934561','54','19','79','13','others'),(450,'Crispy Cinnamon Pear Chips','6221236934562','31','9','82','13','Snacks'),(451,'Crossovers Olive Thyme Almond','6221236934563','66','13','74','13','others'),(452,'Antioxidant Cranberry Body Wash','6221236934564','59','7','83','13','Cleaners'),(453,'Sliced Chicken Entree Cat Food','6221236934565','27','20','12','13','Meats'),(454,'Ultra Power Plus Laundry Detergent 54 loads','6221236934566','41','13','16','13','others'),(455,'Special Recipe Italian Bread','6221236934567','47','11','33','13','others'),(456,'Almond Honey Protein+ Bar','6221236934568','63','7','81','13','others'),(457,'Blueberry Pomegranate Acaí Cultured Goat Milk Kefir','6221236934569','55','14','52','13','Dairy'),(458,'Tea& Superflower& Hibiscus&Blueberry&Caffeine-Free& Bags','6221236934570','64','11','42','13','Beverages'),(459,'White Chicken Chili','6221236934571','68','16','13','13','Meats'),(460,'Chips Ahoy! Chewy Cookies','6221236934572','60','7','57','13','Snacks'),(461,'Chow Mein Thin Noodles','6221236934573','61','11','68','13','others'),(462,'Almond Spread&Dark Chocolate','6221236934574','20','11','57','13','Snacks'),(463,'Sleepytime Sinus Soother Herbal Tea','6221236934575','64','13','55','13','Beverages'),(464,'Hummus Wrap','6221236934576','11','7','66','13','others'),(465,'Sloppy Joe Sauce','6221236934577','32','19','14','13','Sauces'),(466,'Ibuprofen Liquid Gels','6221236934578','56','15','61','13','others'),(467,'Sparkling Blueberry','6221236934579','18','15','32','13','others'),(468,'Whole Wheat Fig Bar','6221236934580','50','4','73','13','others'),(469,'Total Advanced Floss Tip Medium Toothbrush','6221236934581','42','16','99','13','others'),(470,'Honey Vanilla Greek Yogurt','6221236934582','64','5','87','13','Dairy'),(471,'Acai Dragonfruit Melon Green Tea','6221236934583','58','7','30','13','Beverages'),(472,'Sore Throat Wild Cherry Lozenges','6221236934584','38','21','9','13','others'),(473,'Fiber 4g Gummy Dietary Supplement','6221236934585','10','17','97','13','others'),(474,'Salt Free Seasoning','6221236934586','17','11','62','13','others'),(475,'Liquid Water Enhancer Peach Green Tea With Ginseng & Honey','6221236934587','41','5','86','13','Beverages'),(476,'100% Natural Just Peaches','6221236934588','56','15','44','13','Fruit'),(477,'Old Fashioned Vegetable Beef Soup','6221236934589','61','16','49','13','Meats'),(478,'Soup&Lower Sodium& Organic&Split Pea','6221236934590','22','13','20','13','others'),(479,'Kabocha Squash','6221236934591','14','5','8','13','others'),(480,'Whipping Cream','6221236934592','31','1','6','13','others'),(481,'Lite Beer','6221236934593','61','13','89','13','others'),(482,'Half \'n Half Lemonade Tea','6221236934594','51','11','61','13','Beverages'),(483,'Fancy Diced Hot Chilies','6221236934595','53','7','97','13','others'),(484,'Plastic Measuring Cups','6221236934596','21','16','48','13','others'),(485,'Lavender Body Wash','6221236934597','53','8','66','13','Cleaners'),(486,'Organic Reposado Tequila','6221236934598','59','16','87','13','others'),(487,'Chub Mackerel','6221236934599','32','17','86','13','others'),(488,'Naturally Aged Cheddar Cheese Block Hot Habanero','6221236934600','33','7','9','13','Dairy'),(489,'Organic Pitted Kalamata Olives','6221236934601','36','1','2','13','others'),(490,'Most Wanted Cabernet Sauvignon Red Wine','6221236934602','34','19','47','13','others'),(491,'Slow Churned Mint Chocolate Chip Ice Cream','6221236934603','16','21','81','13','Snacks'),(492,'Black Peppercorns','6221236934604','54','9','62','13','others'),(493,'Gentle Clean Foaming Face Cleanser& 6.7 fl oz Female Skin Care','6221236934605','56','18','17','13','others'),(494,'\\\"Constant Comment\\\" Decaffeinated Black Tea Blend','6221236934606','62','4','28','13','Beverages'),(495,'Plain Greek Goat Yogurt','6221236934607','32','13','26','13','Dairy'),(496,'Country Stew Choice Cuts In Gravy Dog Food','6221236934608','11','17','92','13','others'),(497,'Lowfat Raspberry Kefir Probiotic Cultured Milk Smoothie','6221236934609','59','1','29','13','Dairy'),(498,'Can/Bottle Opener& Chrome','6221236934610','25','11','72','13','others'),(499,'Organic Orange Turmeric Juice','6221236934611','45','11','11','13','Beverages'),(500,'Dough for Turnover Pastries','6221236934612','19','17','37','13','others'),(501,'Gin Gins Candy','6221236934613','15','8','95','13','others'),(502,'Pompelmo Water','6221236934614','54','1','36','13','others'),(503,'Couscous& Israeli& Garlic Jalapeno','6221236934615','45','10','22','13','others'),(504,'Pear and Blueberry Baby Breakfast','6221236934616','36','9','95','13','others'),(505,'Yellow Cherry Tomato','6221236934617','59','16','39','13','others'),(506,'Pure Cane Granulated W/Spout Sugar','6221236934618','70','2','47','13','Dry/Baking Goods'),(507,'Designer 9 Oz. Paper Cups','6221236934619','63','13','23','13','others'),(508,'Mascarpone Pistachio Caramel Gelato','6221236934620','20','19','39','13','others'),(509,'Daily Moisture Shampoo','6221236934621','29','18','75','13','Cleaners'),(510,'Aspirin 325 Mg','6221236934622','38','14','99','13','others'),(511,'Non-Scratch Scrub Sponges','6221236934623','31','11','78','13','others'),(512,'Proactive Health Mature Adult Hairball Care Cat Food','6221236934624','45','19','94','13','others'),(513,'Frozen Desserts& Fit& Salted Caramel','6221236934625','40','13','8','13','Frozen Goods'),(514,'Wild Rice Blend','6221236934626','18','17','57','13','others'),(515,'Velveeta Shells & Cheese Bold Jalapeno','6221236934627','34','16','100','13','Dairy'),(516,'100% Natural String Cheese Mozzarella Cheese','6221236934628','25','16','60','13','Dairy'),(517,'Arrowroot Powder','6221236934629','36','3','55','13','others'),(518,'Tikka Masala Curry Sauce','6221236934630','10','1','33','13','Sauces'),(519,'Freeze-Dried Edamame Veggie Snack','6221236934631','59','7','24','13','Snacks'),(520,'Starting Solids Carrots Organic Baby Food','6221236934632','29','13','53','13','others'),(521,'Protein Blend Honey Oats & Seeds Cereal','6221236934633','53','17','48','13','others'),(522,'Lecithin Granules Non-GMO','6221236934634','48','5','89','13','others'),(523,'Multigrain Pop Cakes','6221236934635','51','11','48','13','others'),(524,'Honey Maid Graham Cracker Crumbs','6221236934636','36','18','99','13','Meats'),(525,'Freezer Safe Pint Jars Wide Mouth','6221236934637','35','11','13','13','others'),(526,'Organic Lowfat Pomegranate Acai Kefir Probiotic Cultured Milk Smoothie','6221236934638','66','13','26','13','Dairy'),(527,'American Cheese Slices','6221236934639','70','11','24','13','Dairy'),(528,'French Rolls','6221236934640','13','8','74','13','others'),(529,'Turkey Meatloaf & Mashed Potatoes','6221236934641','16','11','87','13','Beverages'),(530,'Antioxidant Infusions Brasilia Blueberry','6221236934642','66','7','8','13','others'),(531,'Sweet & Smokey Kansas City Bbq Sauce','6221236934643','54','8','32','13','Sauces'),(532,'Daily Shower Cleaner Ylang Ylang','6221236934644','46','19','60','13','Cleaners'),(533,'Coffee Liqueur','6221236934645','44','1','62','13','Beverages'),(534,'Biotin & Collagen Shampoo','6221236934646','41','15','9','13','Cleaners'),(535,'in Gravy with Carrots Peas & Corn Mashed Potatoes & Meatloaf Nuggets','6221236934647','14','2','24','13','Beverages'),(536,'Good & Clean Gentle Acne Wash','6221236934648','16','1','15','13','Cleaners'),(537,'Alcohol Free Maple Flavor','6221236934649','33','13','25','13','others'),(538,'Invigorating Face Wash Men','6221236934650','49','17','10','13','Cleaners'),(539,'Tasty Treasures Cat Food Variety Pack','6221236934651','50','13','50','13','others'),(540,'Essentials Foaming Facial Cleanser','6221236934652','13','1','93','13','others'),(541,'7UP','6221236934653','55','17','60','13','others'),(542,'Adult Dog Formula Dog Food','6221236934654','57','11','73','13','others'),(543,'Unsalted Pretzel Round','6221236934655','25','19','43','13','others'),(544,'Stuffed Pasta Shells','6221236934656','40','20','83','13','Dry/Baking Goods'),(545,'Tomato Paste with Basil& Oregano & Garlic Flavor','6221236934657','26','16','75','13','others'),(546,'Rescue Remedy','6221236934658','28','13','74','13','others'),(547,'Belgian Waffles','6221236934659','21','11','6','13','Frozen Goods'),(548,'Kosher Dill Babies','6221236934660','51','6','15','13','others'),(549,'Take Alongs Twist & Seal Liquid Storage','6221236934661','22','19','40','13','others'),(550,'Tri Color Tortilla Strips','6221236934662','50','14','61','13','others'),(551,'Beef Strips Portabella Complete Meals','6221236934663','21','5','26','13','Meats'),(552,'with Dawn Action Pacs Fresh Scent Dishwasher Detergent Pacs','6221236934664','62','1','82','13','Cleaners'),(553,'Medium to Firm Hold Hair Styling Foam','6221236934665','27','13','19','13','others'),(554,'Rice & Bean Snack Chips With Adzuki Beans Chipotle Cheese','6221236934666','68','20','15','13','Snacks'),(555,'Classic Original Hummus','6221236934667','40','17','31','13','others'),(556,'Creamy Danish Blue Cheese Wedge','6221236934668','46','21','37','13','Dairy'),(557,'Tomatillo Salsa','6221236934669','22','4','39','13','others'),(558,'1000 Roses Floral Toner for Sensitive Skin','6221236934670','14','13','43','13','others'),(559,'Hi-Chew Strawberry Fruit','6221236934671','26','19','100','13','Fruit'),(560,'Cranberry Almond Fruit Clusters Dried Cranberries','6221236934672','50','7','10','13','Fruit'),(561,'Granola& Veritas& Organic','6221236934673','69','12','1','13','others'),(562,'Riesling& Mosel& 2014','6221236934674','28','21','31','13','others'),(563,'Organic Mango Peach Carrot Kickstart Smoothie','6221236934675','20','11','90','13','others'),(564,'BBQ Concentrate & Marinade Sauce','6221236934676','43','11','76','13','Sauces'),(565,'Turkey Chili','6221236934677','25','14','30','13','others'),(566,'Even The Kitchen Sink Kitchen & Bath Scrubber','6221236934678','32','3','69','13','others'),(567,'Bake & Break Cheese Garlic Loaf','6221236934679','25','5','94','13','Dairy'),(568,'Red Seedless Grapes Imported','6221236934680','39','1','94','13','others'),(569,'Organic Raw Almond Butter','6221236934681','38','19','38','13','Dairy'),(570,'Cookie Chips Crunchy Dark Chocolate Chocolate Chip Cookies','6221236934682','36','15','79','13','Snacks'),(571,'Tea Temples Green Tea With Mint','6221236934683','34','1','70','13','Beverages'),(572,'Smoke Roasted Wild Sockeye Asian Sesame Salmon','6221236934684','48','11','2','13','others'),(573,'Traditional Tartar Sauce','6221236934685','58','17','52','13','Sauces'),(574,'Pure Moringa Vegetable Powder','6221236934686','22','19','9','13','others'),(575,'Embrace Sensitive Women\'s 5 Blade Disposable Razors','6221236934687','34','13','92','13','others'),(576,'Light and Fluffy  Blueberry Pancake Mix','6221236934688','65','19','17','13','others'),(577,'Organic Thin Sliced 100% Whole Wheat Bread','6221236934689','60','11','84','13','others'),(578,'Malbec Red Wine','6221236934690','54','17','44','13','others'),(579,'Artisan Style Melts Quattro Formaggi Pizza','6221236934691','56','17','33','13','others'),(580,'Golden Cupcakes 8 Pack','6221236934692','42','5','67','13','others'),(581,'White Chicken Chili with Beans Pouch','6221236934693','11','4','2','13','Meats'),(582,'Thin & Crispy Crust Pepperoni Pizza','6221236934694','56','1','99','13','others'),(583,'Brown Bobby Pins','6221236934695','34','17','97','13','others'),(584,'Red Roses','6221236934696','65','16','1','13','others'),(585,'Crunch Vanilla Sugar Mini Cookies','6221236934697','68','19','61','13','Dry/Baking Goods'),(586,'Organic Medium Yellow Thai Curry','6221236934698','70','11','50','13','others'),(587,'Vanilla Sugar Cookies','6221236934699','49','17','45','13','Dry/Baking Goods'),(588,'Liqui-Gels Softgels Dye-Free Allergy','6221236934700','53','14','100','13','others'),(589,'10\\\" Bamboo Skewers','6221236934701','16','13','82','13','others'),(590,'Stain Odor Eliminator Detergent','6221236934702','41','19','25','13','others'),(591,'Washington State Merlot','6221236934703','18','1','51','13','Cleaners'),(592,'Garnet Sweet Potato (Yam)','6221236934704','54','9','33','13','others'),(593,'Lite Whipped Topping','6221236934705','33','9','66','13','others'),(594,'Vanilla Incense of Auroville','6221236934706','12','19','41','13','others'),(595,'Organic Blueberry Pomegranate Whole Milk Yogurt','6221236934707','56','3','27','13','Dairy'),(596,'Pretzel Thins Parmesan Herb Crackers','6221236934708','39','11','93','13','Snacks'),(597,'Geranium Daily Bar Soap','6221236934709','20','8','28','13','others'),(598,'Air Effects Gain Island Fresh','6221236934710','30','5','72','13','others'),(599,'Special K Original Cereal','6221236934711','60','17','16','13','others'),(600,'Salsa Roja','6221236934712','32','13','76','13','others'),(601,'Almonds Roasted and Salted','6221236934713','42','4','7','13','others'),(602,'Oreo Cookies and Cream Chocolate Frozen Dairy Dessert','6221236934714','40','1','94','13','Snacks'),(603,'SpongeBob Shapes Macaroni & Cheese Dinner','6221236934715','60','11','84','13','Dairy'),(604,'Linguine& No. 6','6221236934716','26','17','64','13','others'),(605,'Gluten Free Peanut Butter Berry  Chewy With A Crunch Granola Bars','6221236934717','67','17','60','13','Dairy'),(606,'Injera Flat Bread','6221236934718','23','1','7','13','others'),(607,'Dailyfoods Vitamin D-3 2000 IU','6221236934719','24','13','44','13','others'),(608,'Chicken & Brown Rice Formula Cat Food','6221236934720','64','7','1','13','Meats'),(609,'Cabernet Sauvignon California','6221236934721','37','13','50','13','others'),(610,'Floor Care Tile & Vinyl Floor Finish Clean Scent','6221236934722','52','1','96','13','others'),(611,'Thick & Zesty Spaghetti Sauce Mix','6221236934723','69','20','49','13','Sauces'),(612,'Organic Crunchy Slaw Americana Salad','6221236934724','54','9','55','13','Veggies'),(613,'Banana Chocolate Chip','6221236934725','12','11','56','13','Snacks'),(614,'NasaFlo Neti Pot Sinus Relief with Premixed','6221236934726','49','21','98','13','others'),(615,'Cookie Sheets','6221236934727','12','19','87','13','others'),(616,'Natural Liquid Laundry Detergent - Blue Eucalyptus and Lavender','6221236934728','25','20','21','13','others'),(617,'Salted Caramel Ice Cream','6221236934729','28','16','44','13','Frozen Goods'),(618,'Goober Strawberry','6221236934730','60','7','56','13','others'),(619,'Sparkling Lemon Seltzer Water','6221236934731','31','19','59','13','others'),(620,'Clarified Lime Juice','6221236934732','36','11','57','13','Beverages'),(621,'Mac & Cheezy Ravioli For Kids','6221236934733','12','15','39','13','others'),(622,'Uncured Hard Salami','6221236934734','51','19','60','13','others'),(623,'Rice& Extra Long Grain& Enriched','6221236934735','17','19','98','13','others'),(624,'Infinity Always Infinity Size 2 Super Pads with Wings& Unscented& 16 ct Feminine Care','6221236934736','28','21','50','13','others'),(625,'Plain Dairy-Free Probiotic Drinkable Cashewgurt','6221236934737','16','1','24','13','others'),(626,'Supreme Pretzel Crackers','6221236934738','27','15','92','13','Snacks'),(627,'Silken Tofu','6221236934739','44','19','39','13','others'),(628,'Organic Mozzarella','6221236934740','68','7','85','13','others'),(629,'Apple Sparkling Juice Beverage','6221236934741','59','11','4','13','Beverages'),(630,'Spanish Peanuts','6221236934742','56','19','64','13','others'),(631,'Norwegian Salmon Oil Omega-3s EPA & DHA Dietary Supplement Soft Gels 1000 mg','6221236934743','43','19','36','13','others'),(632,'98% Fat Free Cream Of Chicken Soup','6221236934744','29','11','16','13','Meats'),(633,'Fudge Brownies with English Walnuts','6221236934745','59','16','70','13','others'),(634,'Fun Size Snacks','6221236934746','22','1','46','13','Snacks'),(635,'Chub Chorizo','6221236934747','11','19','62','13','others'),(636,'Chicken Breast Nuggets& Dinosaur Shaped','6221236934748','29','13','75','13','Meats'),(637,'Organic Hearty Garden Vegetable Soup','6221236934749','49','14','54','13','others'),(638,'Low Fat Honey Graham Crackers','6221236934750','17','6','73','13','Snacks'),(639,'Fresh Oj','6221236934751','55','7','70','13','others'),(640,'Probiotics Women 50 & Wiser Vegetarian Capsules','6221236934752','20','9','88','13','others'),(641,'Snack Size Candy','6221236934753','57','16','91','13','Snacks'),(642,'Original Puffcorn','6221236934754','28','9','26','13','others'),(643,'Satin Care Sensitive Skin Shave Gel','6221236934755','49','6','15','13','others'),(644,'Coconut Milk Creamer Barista Style Original','6221236934756','21','15','25','13','Dairy'),(645,'Organic California Blend','6221236934757','29','11','8','13','others'),(646,'Little Bites Snickerdoodle Muffins','6221236934758','48','7','6','13','others'),(647,'Red Raspberry Jam','6221236934759','13','16','98','13','others'),(648,'Multigrain Peanut Butter Cereal','6221236934760','68','9','20','13','Dairy'),(649,'Won Ton Wrappers','6221236934761','61','7','88','13','others'),(650,'Green Berry Rush Juice Drink','6221236934762','31','19','27','13','Beverages'),(651,'Spicy Tomato & Basil Pasta Sauce','6221236934763','55','16','37','13','Dry/Baking Goods'),(652,'Cheddar Cheese Curds','6221236934764','36','13','81','13','Dairy'),(653,'Three Cheese Ravioli','6221236934765','17','3','93','13','Dairy'),(654,'Kidney Beans& Dark& Premium','6221236934766','30','11','57','13','Veggies'),(655,'Organic Southwestern Vegetable Soup','6221236934767','19','9','93','13','others'),(656,'Prenatal One& Tablets','6221236934768','30','11','20','13','others'),(657,'Organic Fruit Punch','6221236934769','56','19','19','13','Fruit'),(658,'Melanie Medleys Vegetable Cream Cheese','6221236934770','49','19','16','13','Dairy'),(659,'Elbow Macaroni','6221236934771','21','7','9','13','others'),(660,'Classic coke','6221236934772','10','3','52','13','others'),(661,'Pop\'n Hot! Vegan Broccoli Poppers','6221236934773','17','14','34','13','others'),(662,'Organic Salted Butter','6221236934774','45','17','8','13','Dairy'),(663,'Garden Strawberry Fruit Spread','6221236934775','48','20','7','13','Fruit'),(664,'Flax& Oat Bran & Whole Wheat Flour Tortillas','6221236934776','66','15','62','13','Dry/Baking Goods'),(665,'Ultra Thin Super Long with Wings Pads','6221236934777','11','12','32','13','others'),(666,'Fettucine Paglia & Fieno Enriched Egg Pasta','6221236934778','42','3','57','13','Dry/Baking Goods'),(667,'Biotin Super Strength 7500 mcg Tablets','6221236934779','10','17','65','13','others'),(668,'Nutrition Bar& Raw Organic& Pineapple Almond + Raw Protein','6221236934780','19','8','42','13','others'),(669,'Keebler Sandies Cashew 12.8 Oz','6221236934781','59','1','83','13','others'),(670,'Zero Strawberry Lemon','6221236934782','56','16','95','13','others'),(671,'Foldit Flatbreads Artisan Rosemary & Olive Oil','6221236934783','41','9','37','13','others'),(672,'Sweet Lemon Rain Dance Bar','6221236934784','29','1','6','13','others'),(673,'Ultra Concentrated Antibacterial Hand Soap Lemon Scent Dishwashing Liquid','6221236934785','35','15','41','13','Cleaners'),(674,'Pico De Gallo','6221236934786','15','17','76','13','others'),(675,'Cream Style Corn','6221236934787','16','19','16','13','others'),(676,'Imitation Crabmeat','6221236934788','13','2','82','13','Meats'),(677,'Whole Wheat Loaves','6221236934789','58','7','27','13','others'),(678,'Automatic Dish Packs& Lemon Verbena Scent','6221236934790','11','19','69','13','others'),(679,'Chicken Liver Paté Canned Cat Food','6221236934791','69','17','50','13','Meats'),(680,'The Santa Cruz Burrito','6221236934792','23','11','77','13','others'),(681,'Coconut Drink& Vanilla','6221236934793','26','19','46','13','others'),(682,'Vegan Shells & Creamy Sauce Mac & Cheese Macaroni & Cheese Organic','6221236934794','23','18','41','13','Sauces'),(683,'Double Berry Cheesecake','6221236934795','70','19','24','13','Dairy'),(684,'Chicken Base','6221236934796','31','15','70','13','Meats'),(685,'Sponge Blossoms','6221236934797','11','9','32','13','others'),(686,'Thin Cakes& Puffed Multigrain','6221236934798','42','11','29','13','others'),(687,'Sunset Blush','6221236934799','26','20','38','13','others'),(688,'Peach Aloe Vera Drink','6221236934800','59','1','45','13','others'),(689,'Original Minis Pretzel Chips','6221236934801','12','11','82','13','Snacks'),(690,'Awesome Strength Paper Towels','6221236934802','42','21','54','13','others'),(691,'Acne Dote Clean \'n Treat Towellettes','6221236934803','39','14','94','13','others'),(692,'Whole Wheat Mini Toasts','6221236934804','63','12','36','13','others'),(693,'Cruisers Diapers Jumbo Pack - Size 5','6221236934805','58','7','14','13','others'),(694,'Town House Sea Salt & Olive Oil Flatbread Crisps','6221236934806','47','16','95','13','others'),(695,'Organic Elmo Vegetable Soup','6221236934807','11','7','13','13','others'),(696,'Organic Porcini Mushroom Risotto','6221236934808','52','11','59','13','others'),(697,'Tea Tree + Sea Buckthorn Calming Shampoo','6221236934809','13','14','11','13','Beverages'),(698,'Cocktail Time Hummus','6221236934810','47','11','13','13','others'),(699,'Sausage Gravy & Biscuit','6221236934811','10','9','39','13','Meats'),(700,'Antibacterial& Pomegranate & Tangerine Hand Soap with Moisturizer','6221236934812','47','7','7','13','others'),(701,'Vegetable Hearty Garden Soup','6221236934813','66','19','16','13','others'),(702,'Organic Promise Strawberry Fields Cereal','6221236934814','31','16','1','13','others'),(703,'Skirt Steak','6221236934815','57','15','51','13','Beverages'),(704,'Tropical Brain Toniq','6221236934816','67','11','22','13','others'),(705,'Greek & Chia Blood Orange Yogurt','6221236934817','25','3','19','13','Dairy'),(706,'Diet Dr Pepper Bottles','6221236934818','18','17','23','13','others'),(707,'Tea Tree Replenishing Shampoo','6221236934819','65','11','14','13','Beverages'),(708,'Quick Cooking Steel Cut Oats','6221236934820','54','11','6','13','others'),(709,'Baby\'s Mineral Lotion Spf 50','6221236934821','63','19','82','13','others'),(710,'Sugo Rosa Pasta Sauce','6221236934822','69','13','61','13','Dry/Baking Goods'),(711,'Jet Fuel Dark Roast Whole Bean Coffee','6221236934823','46','13','62','13','Beverages'),(712,'Blueberry Blast Bar','6221236934824','27','7','89','13','others'),(713,'Cheese Spread Port Wine','6221236934825','18','2','91','13','Dairy'),(714,'Traditional No Fat Refried Beans','6221236934826','68','7','73','13','Veggies'),(715,'Outlast Xtend Clean Lavender Invisible Solid','6221236934827','14','11','81','13','others'),(716,'Fajita Flour Tortillas','6221236934828','12','11','38','13','Dry/Baking Goods'),(717,'Furniture Polish Lemon Scent','6221236934829','25','17','34','13','others'),(718,'XyliWhite Platinum Mint Toothpaste Gel','6221236934830','43','15','3','13','Cleaners'),(719,'Unscented Regular Sleek Tampons','6221236934831','70','11','42','13','others'),(720,'Soft Eating Mango Flavor Liquorice','6221236934832','20','1','46','13','others'),(721,'Garlic Barrel Pickles','6221236934833','68','7','36','13','others'),(722,'Vegetarian Brown  Gravy Mix','6221236934834','67','8','60','13','others'),(723,'Direct Trade El Diablo Dark Roast Whole Bean Coffee','6221236934835','66','19','46','13','Beverages'),(724,'Pink Moscato California','6221236934836','20','17','87','13','others'),(725,'Breakfast Blend Light Roast K-Cup Packs','6221236934837','54','13','8','13','others'),(726,'Vitamin C Formula 1000 mg Vegetarian Tablets','6221236934838','12','19','12','13','others'),(727,'Mouthwash Clean Mint Listerine® Zero™','6221236934839','42','17','76','13','Cleaners'),(728,'Sweeper Open Window Fresh Scent Wet Mopping Cloths Refill','6221236934840','29','3','55','13','others'),(729,'Traditional Chicken Tuscany Soup','6221236934841','17','19','64','13','Meats'),(730,'Scars Cream + SPF 30','6221236934842','38','11','61','13','others'),(731,'Artisan Spiced Pecan Turtle Ice Cream','6221236934843','15','20','83','13','Frozen Goods'),(732,'Sweet Chai of Mine Chai Tea Bags','6221236934844','62','17','96','13','Beverages'),(733,'Snack Sticks Chicken & Rice Recipe Dog Treats','6221236934845','14','19','98','13','Snacks'),(734,'Movie Theater Butter Pop Corn','6221236934846','44','20','14','13','Dairy'),(735,'Pods Spring Meadow Detergent + Stain Remover + Brightener','6221236934847','47','1','64','13','others'),(736,'Ceylon Cinnamon','6221236934848','13','5','43','13','others'),(737,'Gluten-Free Boom Chicka Pop Sweet & Spicy Popcorn','6221236934849','30','3','13','13','others'),(738,'HE Turbo Powder Original  Laundry Detergent','6221236934850','62','16','71','13','others'),(739,'Wraps& Turmeric','6221236934851','21','19','56','13','others'),(740,'Superfood Bar Goji Acai Organic','6221236934852','39','4','88','13','others'),(741,'Restorative Biotin Conditioner','6221236934853','34','6','36','13','others'),(742,'Wild Mushroom Vegetarian Quarter Loaf','6221236934854','46','13','51','13','others'),(743,'Lemon Fresh Multi Surface Cleaner','6221236934855','14','1','12','13','Cleaners'),(744,'Cinnamon Pop\'ettes','6221236934856','59','18','80','13','others'),(745,'Salame All Natural Uncured Pepperoni','6221236934857','23','14','65','13','others'),(746,'Four Cheese Pizza Frozen Sandwiches','6221236934858','22','11','15','13','Frozen Goods'),(747,'Beer& IPA','6221236934859','52','13','43','13','others'),(748,'100% Whole Wheat Flour Burrito Tortillas','6221236934860','46','4','14','13','Dry/Baking Goods'),(749,'Almond Breeze Unsweetened Almond Coconut Milk Blend','6221236934861','58','19','28','13','Dairy'),(750,'Gourmet Australian Style Liquorice','6221236934862','54','3','94','13','others'),(751,'Celery Heart','6221236934863','45','17','80','13','others'),(752,'Bean Threads','6221236934864','67','6','82','13','others'),(753,'Organic Raw Coconut Aminos','6221236934865','42','13','20','13','others'),(754,'Pepperoni Party Pizza','6221236934866','12','11','89','13','others'),(755,'Organic Four Bean Feast Baby Food','6221236934867','21','16','18','13','others'),(756,'Complete Funfetti Buttermilk Pancake & Waffle Mix','6221236934868','35','19','72','13','Dairy'),(757,'Honeydew Hawaiian Shampoo','6221236934869','23','20','48','13','Cleaners'),(758,'Xylitol Sweetener','6221236934870','48','1','87','13','others'),(759,'Romaine','6221236934871','57','11','90','13','others'),(760,'Dark Chocolate Bar 68% Cacao','6221236934872','45','19','81','13','Snacks'),(761,'Marble Cake Slice','6221236934873','17','8','20','13','others'),(762,'Clean Day Countertop Spray','6221236934874','61','7','20','13','others'),(763,'Tomatillos Tomatoes','6221236934875','11','7','46','13','others'),(764,'Milk Chocolate Toffee Bits','6221236934876','56','19','95','13','Snacks'),(765,'Hydro Silk Women\'s Sensitive Skin Refill Blades','6221236934877','15','18','24','13','others'),(766,'Skim Milk sharp Cheddar Cheese Singles','6221236934878','29','6','60','13','Dairy'),(767,'Malt Vinegar & Sea Salt Kettle Cooked Potato Chips','6221236934879','63','1','46','13','Snacks'),(768,'Premium Deli Hard Salami','6221236934880','44','21','19','13','others'),(769,'No Sugar Added The Original Fudge Pops','6221236934881','54','16','11','13','Dry/Baking Goods'),(770,'Pain Reliever and Fever Reducer Cherry Infant Drops','6221236934882','61','11','46','13','others'),(771,'Cracker Trio Selected Favorites','6221236934883','18','19','57','13','others'),(772,'Tidy Cats 4-in-1 Strength Cat Litter','6221236934884','39','9','47','13','others'),(773,'100% Columbian Coffee','6221236934885','34','17','89','13','Beverages'),(774,'Lemonade Flavor Drink Mix','6221236934886','42','9','48','13','Beverages'),(775,'Classic Butter Microwave Popcorn','6221236934887','50','19','21','13','Dairy'),(776,'Swaddlers Diapers Jumbo Pack Size Newborn','6221236934888','67','19','91','13','others'),(777,'Refried Beans Vegetarian','6221236934889','15','18','90','13','Veggies'),(778,'Organic Fiber Fruit Blend','6221236934890','25','7','58','13','Fruit'),(779,'Nacho Grain-Free Tortilla Chips','6221236934891','33','8','93','13','Snacks'),(780,'Sliced American Cheese','6221236934892','52','3','8','13','Dairy'),(781,'Preference Fade-Defying Color + Shine System 9.5NB Lightest Natural Blonde','6221236934893','47','16','38','13','others'),(782,'Butter Flavor Pan Popcorn','6221236934894','59','12','45','13','Dairy'),(783,'Deluxe White Cheddar & Bacon Macaroni & Cheese Dinner','6221236934895','15','11','94','13','Dairy'),(784,'Double Control Small Roach Baits Insecticide','6221236934896','54','4','90','13','others'),(785,'Organic 100% Whole Wheat Rigatoni','6221236934897','10','7','32','13','others'),(786,'Organic Dried Cranberries','6221236934898','50','17','42','13','others'),(787,'Fruit Salad Gummi Candy','6221236934899','54','11','55','13','Veggies'),(788,'Teensy Fruits Baby Fruit Snacks Berry','6221236934900','32','7','47','13','Snacks'),(789,'All Natural Homestyle California Lemon Limeade','6221236934901','55','11','98','13','others'),(790,'Cat Treats Hair Ball Control Chicken','6221236934902','21','15','63','13','Meats'),(791,'Breadstick','6221236934903','28','16','85','13','others'),(792,'Organic Shredded Mild Cheddar','6221236934904','20','7','73','13','others'),(793,'85% Lean& 15% Fat Ground Turkey (013021)','6221236934905','13','4','100','13','others'),(794,'Mega Mag','6221236934906','54','6','30','13','others'),(795,'Organic Vegetable Tray','6221236934907','18','11','72','13','others'),(796,'Get Lost Weight Loss Tea','6221236934908','27','19','1','13','Beverages'),(797,'Thick Gel Toilet Bowl Cleaner','6221236934909','14','17','31','13','Cleaners'),(798,'Coconut Lime Lip Balm','6221236934910','62','17','84','13','others'),(799,'XXX Acai Blueberry Pomegranate','6221236934911','33','15','34','13','others'),(800,'Ultimate Absorbency Regular Length','6221236934912','52','13','44','13','others'),(801,'Garbanzo Beans','6221236934913','22','11','62','13','Veggies'),(802,'Creamy Chocolate Sugar Free Powder Coffee Creamer','6221236934914','68','7','26','13','Dry/Baking Goods'),(803,'Organic Pasteurized Apple Juice','6221236934915','42','1','67','13','Beverages'),(804,'Organic Spinach Quinoa Powermeal Bowl','6221236934916','41','21','32','13','others'),(805,'Pad Thai Rice Noodles','6221236934917','33','11','40','13','others'),(806,'Organic Fuel& High Protein Milk Shake& Vanilla','6221236934918','55','7','77','13','Dairy'),(807,'Chocolate Reese\'s Peanut Butter Cup Creme Oreo','6221236934919','48','13','56','13','Snacks'),(808,'Unstopables Downy Unstopables Dreams In-Wash Scent Booster Fabric Enhancer 13.2oz Fabric Enhancers','6221236934920','34','7','94','13','Cleaners'),(809,'Mega Shower Foamer with Ultra Cling Trigger','6221236934921','69','20','50','13','others'),(810,'Fresh Cut Specialties Cut Golden Wax Beans','6221236934922','59','13','88','13','Veggies'),(811,'Organic Classic Caraway Kraut','6221236934923','56','13','95','13','others'),(812,'Advanced Care Skin Renew Anti-Perspirant Deodorant','6221236934924','58','14','53','13','others'),(813,'Organic Super Berry Juice','6221236934925','36','9','61','13','Beverages'),(814,'Heirloom Boysenberries','6221236934926','66','16','85','13','others'),(815,'Ratatouille','6221236934927','60','7','98','13','others'),(816,'Vitamin D3 1000 I.U Vegetable Capsules','6221236934928','63','17','42','13','others'),(817,'100% Cranberry Juice Blend','6221236934929','28','18','46','13','Beverages'),(818,'For Chicken Marinade','6221236934930','15','5','54','13','Meats'),(819,'Wild Raspberry Hibiscus Caffiene Free Herbal Tea Bags','6221236934931','27','11','45','13','Beverages'),(820,'Bolani Pumpkin Filled Flatbread','6221236934932','61','13','70','13','others'),(821,'Organic Honey Mustard','6221236934933','67','11','61','13','others'),(822,'Chocolate Decorating Cookie Icing','6221236934934','32','19','41','13','Snacks'),(823,'Healthy Grains Oats & Honey Clusters with Toasted Coconut Gluten Free','6221236934935','32','11','41','13','others'),(824,'Spinach Pesto','6221236934936','29','3','54','13','others'),(825,'Trix Cotton Candy Yogurt','6221236934937','15','11','89','13','Dairy'),(826,'Orange Flavored Sports Drink','6221236934938','63','13','50','13','others'),(827,'Calcium Lime & Rust Remover','6221236934939','15','15','99','13','others'),(828,'3rd Foods Chicken Noodle Dinner','6221236934940','63','17','61','13','Meats'),(829,'Micro Craft Beer','6221236934941','34','9','49','13','others'),(830,'Totality Multi-Symptom Relief','6221236934942','60','3','98','13','others'),(831,'Vanilla Almond Butter Squeeze','6221236934943','39','1','54','13','Dairy'),(832,'Cranberry Urinary Tract Health','6221236934944','20','11','60','13','others'),(833,'Spicy Jalapeno Ranch Popcorn','6221236934945','44','19','41','13','others'),(834,'Refreshing Ocean Breeze Body Wash','6221236934946','55','15','42','13','Cleaners'),(835,'Flourless Chocolate Truffle Cake','6221236934947','70','11','65','13','Dry/Baking Goods'),(836,'Cream Cleanser for Normal to Dry Skin','6221236934948','11','3','5','13','others'),(837,'Original No-Stick Cooking Spray','6221236934949','31','5','36','13','others'),(838,'Albacore Chunk White Tuna in Water','6221236934950','14','13','18','13','others'),(839,'Euro Sponge Cloths','6221236934951','12','7','86','13','others'),(840,'Compleats Good Mornings Bacon Breakfast Scramble','6221236934952','34','19','74','13','others'),(841,'Skinny Wheat Buns','6221236934953','43','19','73','13','others'),(842,'All Natural Premium Cornish Hen','6221236934954','48','7','61','13','others'),(843,'High Protein Chocolate Light Milk Shake','6221236934955','33','17','19','13','Snacks'),(844,'Hearts Assortment','6221236934956','59','12','50','13','others'),(845,'Single Classic Canned Meat','6221236934957','69','11','93','13','Meats'),(846,'Lemon Verbena Bar Soap','6221236934958','30','17','9','13','others'),(847,'Sliced Onion Bagels','6221236934959','33','13','78','13','others'),(848,'California Merlot','6221236934960','41','8','92','13','others'),(849,'Goat Cheese& Spreadable& Breakfast& Fig','6221236934961','14','18','74','13','Dairy'),(850,'Glass Bottles','6221236934962','44','6','25','13','others'),(851,'Coco Joe Pumpkin Seeds','6221236934963','38','19','96','13','others'),(852,'Thick Cut Italian 7-Herb Blend Crispbreads','6221236934964','42','16','74','13','others'),(853,'Sugar Free Fruit Juicy Red Drink Mix','6221236934965','37','14','52','13','Dry/Baking Goods'),(854,'Mountain Stream Fabric Softener','6221236934966','54','6','73','13','others'),(855,'Polska Kielbasa','6221236934967','45','5','3','13','others'),(856,'NyQuil Severe Cold & Flu','6221236934968','20','16','5','13','others'),(857,'Apple Green Cups','6221236934969','59','4','26','13','others'),(858,'Gluten Free Sugar Cookie Mix','6221236934970','66','7','71','13','Dry/Baking Goods'),(859,'Cat Food& Premium& Adult Cat Formula','6221236934971','22','17','20','13','others'),(860,'Blueberry & Banana Tiny Fruits Freeze Dried Snacks','6221236934972','59','13','33','13','Snacks'),(861,'Crunchy & Soft Taco Dinner Kit','6221236934973','45','11','46','13','others'),(862,'Chile Con Queso Potato Crisps','6221236934974','34','16','30','13','others'),(863,'Light String Cheese','6221236934975','16','4','31','13','Dairy'),(864,'Crunchy Granola Bars Variety Pack','6221236934976','11','17','6','13','others'),(865,'Traditional Red Miso','6221236934977','14','17','51','13','others'),(866,'Clamato Chelada Beer','6221236934978','47','19','13','13','others'),(867,'Asiago Cheese Bread','6221236934979','70','11','8','13','Dairy'),(868,'Grilled Asparagus','6221236934980','10','11','41','13','others'),(869,'Pomegranate Coconut Sparkling Probiotic Drink& Organic','6221236934981','13','19','25','13','others'),(870,'2-Ply Everyday Napkins','6221236934982','25','19','82','13','others'),(871,'Chicago Steak & Chop Cracked Pepper & Garlic Blend','6221236934983','28','11','48','13','Beverages'),(872,'Every Woman Multivitamin','6221236934984','21','7','17','13','others'),(873,'Unsweetened Original Organic Soy Non-Dairy Beverage','6221236934985','46','18','29','13','Beverages'),(874,'ArtiHearts Fresh Grilled Artichokes','6221236934986','15','3','40','13','others'),(875,'Stainless Steel Strainer','6221236934987','31','7','60','13','others'),(876,'Automatic Toilet Bowl Cleaner Bleach & Blue Rain Clean Scent Pack','6221236934988','12','11','78','13','Cleaners'),(877,'Flavor & Fiber Banana Walnut Bar','6221236934989','53','16','96','13','others'),(878,'No Wax Floss Classic 490','6221236934990','12','11','93','13','others'),(879,'Cleanse & Replenish 2-in-1 Shampoo','6221236934991','50','18','60','13','Cleaners'),(880,'Organic Mango Mania ZFruit and Veggie Rope','6221236934992','18','7','40','13','Fruit'),(881,'Just Fruit Salad','6221236934993','57','17','68','13','Veggies'),(882,'Rose & Apricot Hair Milk','6221236934994','44','4','49','13','Dairy'),(883,'Power Greens','6221236934995','64','19','27','13','others'),(884,'Graduates Lil\' Meals Spaghetti Rings In Meat Sauce','6221236934996','40','13','5','13','Sauces'),(885,'Cherry Pie','6221236934997','38','20','74','13','others'),(886,'Ginger Berry Kombucha','6221236934998','13','20','33','13','others'),(887,'Vitamin B6 100 mg','6221236934999','25','13','99','13','others'),(888,'Ultra-Filtered Whole Milk','6221236935000','64','11','55','13','Dairy'),(889,'Moisturizing Lavender Body Wash','6221236935001','36','3','16','13','Cleaners'),(890,'Baby Dry Diapers Size 4','6221236935002','55','15','19','13','others'),(891,'Organic Smooth Move Chamomile Laxative Tea Bags','6221236935003','70','21','4','13','Beverages'),(892,'Heavy Duty Scrub Sponges','6221236935004','21','7','79','13','others'),(893,'Fingerling Potato','6221236935005','33','11','74','13','others'),(894,'Peanut Butter Chocolate Chip Bar','6221236935006','48','16','24','13','Snacks'),(895,'Dried Parsley Flakes','6221236935007','51','16','26','13','others'),(896,'Lunchmakers Pizza Pepperoni with Nestle Crunch Bar','6221236935008','12','11','13','13','others'),(897,'Whole Grain Salad with Roasted Pecans & Mango Vinaigrette','6221236935009','31','11','12','13','Veggies'),(898,'Creamy Supreme Buttercream Frosting','6221236935010','42','13','78','13','Dairy'),(899,'Clean Freak Refreshing Dry Shampoo','6221236935011','70','16','94','13','Cleaners'),(900,'Oatnut Bread','6221236935012','56','19','18','13','others'),(901,'Organic Diced Tomatoes','6221236935013','24','19','67','13','others'),(902,'Liquid Water Enhance Ice Van Java','6221236935014','63','19','63','13','others'),(903,'White Tea Lavender Probiotic Kefir Water No. 2','6221236935015','60','19','38','13','Beverages'),(904,'Vitamin E Oil 45&000 IU','6221236935016','18','20','27','13','others'),(905,'Greek 100 Calories Vanilla Fat Free Yogurt','6221236935017','49','11','68','13','Dairy'),(906,'YoKids Squeeze Organic Blueberry Blue Yogurt','6221236935018','19','11','100','13','Dairy'),(907,'Children\'s Bubblegum Flavor Suspension','6221236935019','64','12','24','13','others'),(908,'Pearl Active Duopack Tampons','6221236935020','28','13','31','13','others'),(909,'Saucy Ginger Mandarin Dressing','6221236935021','60','11','56','13','others'),(910,'Colby Jack Cheese Slices','6221236935022','23','14','4','13','Dairy'),(911,'Fava Crisps& Santa Barbara Ranch','6221236935023','28','7','16','13','others'),(912,'Dark Chocolate Peanut Candy','6221236935024','40','15','86','13','Snacks'),(913,'Baked Rice Crisps& Sour Cream & Wasabi& Medium','6221236935025','18','9','94','13','others'),(914,'Gluten Free Sugar Cones','6221236935026','35','11','75','13','Dry/Baking Goods'),(915,'Tofu& Gluten Free& Garlic Pepper','6221236935027','21','17','53','13','others'),(916,'Fish Oil with Vitamin D 1000mg','6221236935028','52','7','53','13','Meats'),(917,'Chamomilla 30 C','6221236935029','23','19','26','13','Meats'),(918,'Premium Sliced Bacon','6221236935030','70','16','97','13','others'),(919,'Onion & Herb Salt-Free Seasoning Blend','6221236935031','17','19','1','13','others'),(920,'Calcium Magnesium Citrate Plus Vitamin D3 Natural Mixed Berry Flavor','6221236935032','45','16','24','13','others'),(921,'Nutri-Grain Harvest Hearty Breakfast Bars Country Strawberry','6221236935033','19','19','65','13','others'),(922,'Protein Shake& Organic& Banana Creme','6221236935034','17','13','74','13','others'),(923,'Mushroom Stems & Pieces in Water','6221236935035','16','13','54','13','others'),(924,'Dry Pasta Lasagne','6221236935036','17','17','2','13','Dry/Baking Goods'),(925,'Cold & Cough Formula& Effervescent Tablets& Citrus','6221236935037','52','1','69','13','others'),(926,'Ultra Soft & Strong Double Roll Bath Tissue','6221236935038','53','1','2','13','others'),(927,'Majestic Roast Ground Coffee','6221236935039','43','5','24','13','Beverages'),(928,'All Time Great\'s Candy Assortment','6221236935040','38','15','65','13','others'),(929,'Light Brie Soft-Ripened Cheese Mini-Wheel','6221236935041','66','15','1','13','Dairy'),(930,'Apricot Fruit Roll','6221236935042','38','11','46','13','Fruit'),(931,'Coconut Yogurt','6221236935043','25','11','8','13','Dairy'),(932,'Black Salt Caramel Dark Chocolate Bar','6221236935044','37','1','86','13','Snacks'),(933,'Chipotle & Roasted Garlic Seasoning','6221236935045','16','7','50','13','others'),(934,'Country Fresh Old Fashioned Horseradish','6221236935046','39','3','58','13','others'),(935,'2 In 1 Laundry Detergent','6221236935047','59','7','66','13','others'),(936,'Southern Style Diced Hash Brown Potatoes','6221236935048','14','19','58','13','Beverages'),(937,'Crispy Thin Crust White Pizza','6221236935049','27','1','61','13','others'),(938,'Cabernet Sauvignon& Central Coast& 2011','6221236935050','19','17','46','13','others'),(939,'Chunky Classic Chicken Noodle Soup','6221236935051','16','19','45','13','Meats'),(940,'New England Clam Chowder Condensed Soup','6221236935052','12','17','74','13','others'),(941,'ULTRACLEAN™ Cool Mint ULTRACLEAN™','6221236935053','54','12','40','13','others'),(942,'Lash Discovery Waterproof Mascara - Very Black','6221236935054','40','7','62','13','others'),(943,'Vegetable Pie In A Pocket Sandwich','6221236935055','19','11','46','13','others'),(944,'Roarin\' Waters Wild Cherry Water Beverage','6221236935056','29','1','9','13','Beverages'),(945,'Mini Pre-Sliced Blueberry Bagels','6221236935057','63','7','47','13','others'),(946,'Premium Apple Juice','6221236935058','38','16','14','13','Beverages'),(947,'Butterfinger Smooth & Crunchy Peanut Butter Cups','6221236935059','43','20','45','13','Dairy'),(948,'Buffalo Style Chicken Strips','6221236935060','17','17','47','13','Meats'),(949,'Disinfectant Spray& Crisp Linen Scent','6221236935061','14','11','52','13','others'),(950,'Annie\'s Bunny Fruit Snacks Variety','6221236935062','46','13','40','13','Snacks'),(951,'Bathroom Tissue','6221236935063','28','11','92','13','others'),(952,'Smoked Atlantic Nova Salmon','6221236935064','51','13','83','13','others'),(953,'Echinacea & Elderberry Organic Herbal Tea','6221236935065','24','16','60','13','Beverages'),(954,'Magnesium Citrate Caplets','6221236935066','58','19','19','13','others'),(955,'Vanilla Orange Swirl Ice Cream','6221236935067','54','19','84','13','Frozen Goods'),(956,'Fruit Punch Juice Drink','6221236935068','27','18','72','13','Beverages'),(957,'Seasonal Oikos Greek Yogurt','6221236935069','16','11','18','13','Dairy'),(958,'Cracker Crunchers Bologna with Nestle Butterfinger Bar LunchMakers','6221236935070','36','11','70','13','Dairy'),(959,'Superior Spot & Film Protection Jet-Dry Dishwasher Rinse Aid','6221236935071','34','1','74','13','Cleaners'),(960,'Sensitive Shave Gel with Aloe','6221236935072','64','5','56','13','others'),(961,'Toll House Ultimate Chocolate Peanut Butter Deluxe Cookie Dough','6221236935073','66','20','84','13','Snacks'),(962,'Vitamin D3 Cholecalciferol Softgels','6221236935074','67','13','51','13','others'),(963,'Flaxseed Meal& Whole Ground','6221236935075','25','15','69','13','others'),(964,'Plain Fat Free Yogurt','6221236935076','58','17','23','13','Dairy'),(965,'Simple White Down East Crackers','6221236935077','42','17','71','13','Snacks'),(966,'Cheddar Chex Mix','6221236935078','46','5','80','13','others'),(967,'Shampoo Baby Shampoo','6221236935079','36','3','92','13','Cleaners'),(968,'Key Lime Moisture Shave','6221236935080','40','17','37','13','others'),(969,'Almond Extract','6221236935081','68','1','12','13','others'),(970,'Chicken & Vegetable Stir Fry Café Steamers','6221236935082','11','8','17','13','Beverages'),(971,'Villager Ipa','6221236935083','19','1','8','13','others'),(972,'Grape Sunflower Butter Sunwiches','6221236935084','68','9','54','13','Dairy'),(973,'Organic Roasted Garlic Vinaigrette Dressing Organic','6221236935085','53','17','62','13','others'),(974,'Unsalted Beef Broth','6221236935086','50','19','63','13','Meats'),(975,'Toothpicks','6221236935087','62','1','71','13','others'),(976,'Maxtra Cartridge Water Filter Refills','6221236935088','63','11','9','13','others'),(977,'Pear Hard Cider','6221236935089','44','13','36','13','others'),(978,'Gluten Free Soft & Chewy Snicker Doodle Cookies','6221236935090','50','14','8','13','others'),(979,'Zipper Bags Sandwich - 50 CT','6221236935091','42','17','26','13','others'),(980,'Petite Green Peas','6221236935092','18','17','41','13','Veggies'),(981,'Salmon and Tuna Formula Dry Cat Food','6221236935093','63','3','13','13','others'),(982,'Chicken Alfredo with Rotini','6221236935094','65','16','13','13','Meats'),(983,'Linguine No 7 Pasta','6221236935095','44','19','6','13','Dry/Baking Goods'),(984,'8 X 6 Cutting Board','6221236935096','53','11','21','13','others'),(985,'Organic 54% Cocoa Dark Chocolate Bar','6221236935097','13','19','15','13','Snacks'),(986,'Creamy Vanilla Soy Milk Frozen Dessert','6221236935098','58','15','87','13','Frozen Goods'),(987,'Cavity Protection Regular Flavor Toothpaste','6221236935099','59','11','67','13','Cleaners'),(988,'Deli Spicy Brown Mustard','6221236935100','33','19','76','13','others'),(989,'Mallow Oats Cereals','6221236935101','30','1','83','13','Dry/Baking Goods'),(990,'Odor Control Home Trash Compactor Bags 18 Gallon','6221236935102','18','20','43','13','others'),(991,'Automatic Toilet Bowl Cleaner with Bleach','6221236935103','67','21','19','13','Cleaners'),(992,'Garlic Naan','6221236935104','19','1','9','13','others'),(993,'Aged Gouda Cheese','6221236935105','49','15','19','13','Dairy'),(994,'Strawberry Pomegranate','6221236935106','59','14','26','13','others'),(995,'Cucumber Witch Hazel With Aloe Vera','6221236935107','65','12','47','13','others'),(996,'Peanut Butter Bars','6221236935108','40','19','49','13','Dairy'),(997,'Crushed Pineapple in 100% Juice','6221236935109','58','1','5','13','Beverages'),(998,'Naturals Antiseptic Adult Mouthwash Herbal Mint','6221236935110','59','13','15','13','Cleaners'),(999,'Cranberrry  Almond Soft & Chewy Granola Bar','6221236935111','66','13','91','13','others');
/*!40000 ALTER TABLE `product` ENABLE KEYS */;
UNLOCK TABLES;

--
-- Table structure for table `product_receipts`
--

DROP TABLE IF EXISTS `product_receipts`;
/*!40101 SET @saved_cs_client     = @@character_set_client */;
/*!40101 SET character_set_client = utf8 */;
CREATE TABLE `product_receipts` (
  `product` int(11) NOT NULL,
  `receipt` int(11) NOT NULL,
  PRIMARY KEY (`product`,`receipt`),
  KEY `idx_product_receipts` (`receipt`),
  CONSTRAINT `fk_product_receipts__product` FOREIGN KEY (`product`) REFERENCES `product` (`idproduct`),
  CONSTRAINT `fk_product_receipts__receipt` FOREIGN KEY (`receipt`) REFERENCES `receipt` (`id`)
) ENGINE=InnoDB DEFAULT CHARSET=utf8;
/*!40101 SET character_set_client = @saved_cs_client */;

--
-- Dumping data for table `product_receipts`
--

LOCK TABLES `product_receipts` WRITE;
/*!40000 ALTER TABLE `product_receipts` DISABLE KEYS */;
/*!40000 ALTER TABLE `product_receipts` ENABLE KEYS */;
UNLOCK TABLES;

--
-- Table structure for table `receipt`
--

DROP TABLE IF EXISTS `receipt`;
/*!40101 SET @saved_cs_client     = @@character_set_client */;
/*!40101 SET character_set_client = utf8 */;
CREATE TABLE `receipt` (
  `id` int(11) NOT NULL AUTO_INCREMENT,
  `totalprice` varchar(255) NOT NULL,
  `branch` int(11) NOT NULL,
  `customer` int(11) NOT NULL,
  `orderid` varchar(255) NOT NULL,
  `barcode` varchar(255) NOT NULL,
  `price` varchar(255) NOT NULL,
  `quanity` varchar(255) NOT NULL,
  PRIMARY KEY (`id`),
  KEY `idx_receipt__branch` (`branch`),
  KEY `idx_receipt__customer` (`customer`),
  CONSTRAINT `fk_receipt__branch` FOREIGN KEY (`branch`) REFERENCES `branch` (`idbranch`),
  CONSTRAINT `fk_receipt__customer` FOREIGN KEY (`customer`) REFERENCES `customer` (`idcustomer`)
) ENGINE=InnoDB AUTO_INCREMENT=1006 DEFAULT CHARSET=utf8;
/*!40101 SET character_set_client = @saved_cs_client */;

--
-- Dumping data for table `receipt`
--

LOCK TABLES `receipt` WRITE;
/*!40000 ALTER TABLE `receipt` DISABLE KEYS */;
INSERT INTO `receipt` VALUES (2,'0',1,1,'1','225764098273','15','3'),(3,'0',1,1,'1','1125764098273','80','3'),(4,'125',1,1,'1','1025764098273','18','2'),(5,'0',1,2,'2','925764098273','2.5','3'),(6,'0',1,2,'2','825764098273','1.25','6'),(7,'0',1,2,'2','1325764088273','3.5','4'),(8,'14.75',1,2,'2','625764098273','7.5','5'),(9,'0',1,3,'3','1325764098273','12','1'),(10,'0',1,3,'3','225764098273','15','1'),(11,'0',1,3,'3','325764098273','11','3'),(12,'60',1,3,'3','225764998273','22','1'),(13,'0',1,4,'4','125764098273','18','4'),(14,'0',1,4,'4','1325764098273','12','5'),(15,'0',1,4,'4','6221236934127','152','4'),(16,'401',1,4,'4','6221236934128','219','5'),(17,'0',1,5,'5','425764098273','7','5'),(18,'0',1,5,'5','325764098273','11','6'),(19,'0',1,5,'5','6221236934131','420','4'),(20,'925',1,5,'5','6221236934132','487','2'),(21,'0',1,6,'6','6221236934133','554','5'),(22,'0',1,6,'6','425764098273','7','6'),(23,'0',1,6,'6','325764098273','11','2'),(24,'1327',1,6,'6','6221236934136','755','5'),(25,'0',1,7,'7','425764098273','7','6'),(26,'0',1,7,'7','6221236934138','889','3'),(27,'0',1,7,'7','6221236934139','956','3'),(28,'2875',1,7,'7','6221236934140','1023','4'),(29,'0',1,8,'8','6221236934141','1090','1'),(30,'0',1,8,'8','325764098273','11','6'),(31,'0',1,8,'8','6221236934143','1224','3'),(32,'3616',1,8,'8','6221236934144','1291','3'),(33,'0',1,9,'9','425764098273','7','3'),(34,'0',1,9,'9','325764098273','11','5'),(35,'0',1,9,'9','6221236934147','1492','5'),(36,'3069',1,9,'9','6221236934148','1559','5'),(37,'0',1,10,'10','425764098273','7','3'),(38,'0',1,10,'10','325764098273','11','2'),(39,'0',1,10,'10','6221236934151','1760','6'),(40,'3605',1,10,'10','6221236934152','1827','5'),(41,'0',1,11,'11','425764098273','7','6'),(42,'0',1,11,'11','6221236934154','1961','5'),(43,'0',1,11,'11','6221236934155','2028','6'),(44,'6091',1,11,'11','6221236934156','2095','2'),(45,'0',1,12,'12','6221236934157','2162','5'),(46,'0',1,12,'12','325764098273','11','5'),(47,'0',1,12,'12','6221236934159','2296','1'),(48,'6832',1,12,'12','6221236934160','2363','5'),(49,'0',1,13,'13','6221236934161','2430','3'),(50,'0',1,13,'13','225764098273','15','5'),(51,'0',1,13,'13','6221236934163','2564','6'),(52,'7640',1,13,'13','6221236934164','2631','4'),(53,'0',1,14,'14','6221236934165','2698','2'),(54,'0',1,14,'14','6221236934166','2765','2'),(55,'0',1,14,'14','325764098273','11','1'),(56,'8373',1,14,'14','6221236934168','2899','3'),(57,'0',1,15,'15','6221236934169','2966','4'),(58,'0',1,15,'15','225764098273','15','4'),(59,'0',1,15,'15','6221236934171','3100','6'),(60,'9248',1,15,'15','6221236934172','3167','5'),(61,'0',1,16,'16','6221236934173','3234','2'),(62,'0',1,16,'16','6221236934174','3301','2'),(63,'0',1,16,'16','6221236934175','3368','3'),(64,'9918',1,16,'16','225764098273','15','4'),(65,'0',1,17,'17','6221236934177','3502','6'),(66,'0',1,17,'17','425764098273','7','6'),(67,'0',1,17,'17','6221236934179','3636','1'),(68,'10848',1,17,'17','6221236934180','3703','5'),(69,'0',1,18,'18','6221236934181','3770','2'),(70,'0',1,18,'18','6221236934182','3837','3'),(71,'0',1,18,'18','6221236934183','3904','4'),(72,'11526',1,18,'18','225764098273','15','6'),(73,'0',1,19,'19','6221236934185','4038','3'),(74,'0',1,19,'19','6221236934186','4105','3'),(75,'0',1,19,'19','6221236934187','4172','5'),(76,'12322',1,19,'19','425764098273','7','6'),(77,'0',1,20,'20','6221236934189','4306','4'),(78,'0',1,20,'20','6221236934190','4373','6'),(79,'0',1,20,'20','6221236934191','4440','2'),(80,'17626',1,20,'20','6221236934192','4507','5'),(81,'0',1,21,'21','425764098273','7','4'),(82,'0',1,21,'21','6221236934194','4641','4'),(83,'0',1,21,'21','6221236934195','4708','1'),(84,'9363',1,21,'21','425764098273','7','5'),(85,'0',1,22,'22','325764098273','11','6'),(86,'0',1,22,'22','6221236934198','4909','1'),(87,'0',1,22,'22','6221236934199','4976','3'),(88,'14939',1,22,'22','6221236934200','5043','5'),(89,'0',1,23,'23','1325764098273','12','4'),(90,'0',1,23,'23','225764098273','15','4'),(91,'0',1,23,'23','6221236934203','5244','4'),(92,'10582',1,23,'23','6221236934204','5311','1'),(93,'0',1,24,'24','6221236934205','5378','2'),(94,'0',1,24,'24','6221236934206','5445','4'),(95,'0',1,24,'24','6221236934207','5512','6'),(96,'16350',1,24,'24','225764098273','15','1'),(97,'0',1,25,'25','6221236934209','5646','3'),(98,'0',1,25,'25','425764098273','7','5'),(99,'0',1,25,'25','6221236934211','5780','2'),(100,'17280',1,25,'25','6221236934212','5847','4'),(101,'0',1,26,'26','1325764098273','12','5'),(102,'0',1,26,'26','6221236934214','5981','6'),(103,'0',1,26,'26','6221236934215','6048','2'),(104,'18156',1,26,'26','6221236934216','6115','4'),(105,'0',1,27,'27','6221236934217','6182','5'),(106,'0',1,27,'27','6221236934218','6249','4'),(107,'0',1,27,'27','6221236934219','6316','4'),(108,'18758',1,27,'27','325764098273','11','5'),(109,'0',1,28,'28','6221236934221','6450','1'),(110,'0',1,28,'28','6221236934222','6517','4'),(111,'0',1,28,'28','725764098273','3.5','2'),(112,'12978',1,28,'28','625764098273','7.5','4'),(113,'0',1,29,'29','6221236934225','6718','3'),(114,'0',1,29,'29','725764098273','3.5','2'),(115,'0',1,29,'29','6221236934227','6852','6'),(116,'20492.5',1,29,'29','6221236934228','6919','5'),(117,'0',1,30,'30','425764098273','7','2'),(118,'0',1,30,'30','6221236934230','7053','1'),(119,'0',1,30,'30','6221236934231','7120','4'),(120,'21367',1,30,'30','6221236934232','7187','4'),(121,'0',1,31,'31','625764098273','7.5','4'),(122,'0',1,31,'31','6221236934234','7321','3'),(123,'0',1,31,'31','6221236934235','7388','6'),(124,'22171.5',1,31,'31','6221236934236','7455','4'),(125,'0',1,32,'32','725764098273','3.5','3'),(126,'0',1,32,'32','6221236934238','7589','1'),(127,'0',1,32,'32','6221236934239','7656','5'),(128,'22971.5',1,32,'32','6221236934240','7723','4'),(129,'0',1,33,'33','1325764098273','12','5'),(130,'0',1,33,'33','6221236934242','7857','3'),(131,'0',1,33,'33','6221236934243','7924','3'),(132,'23784',1,33,'33','6221236934244','7991','1'),(133,'0',1,34,'34','625764098273','7.5','6'),(134,'0',1,34,'34','6221236934246','8125','2'),(135,'0',1,34,'34','6221236934247','8192','3'),(136,'24583.5',1,34,'34','6221236934248','8259','3'),(137,'0',1,35,'35','725764098273','3.5','6'),(138,'0',1,35,'35','6221236934250','8393','5'),(139,'0',1,35,'35','6221236934251','8460','1'),(140,'25383.5',1,35,'35','6221236934252','8527','5'),(141,'0',1,36,'36','725764098273','3.5','6'),(142,'0',1,36,'36','625764098273','7.5','5'),(143,'0',1,36,'36','6221236934255','8728','5'),(144,'17534',1,36,'36','6221236934256','8795','5'),(145,'0',1,37,'37','6221236934257','8862','3'),(146,'0',1,37,'37','6221236934258','8929','5'),(147,'0',1,37,'37','6221236934259','8996','3'),(148,'35850',1,37,'37','6221236934260','9063','3'),(149,'0',1,38,'38','725764098273','3.5','1'),(150,'0',1,38,'38','625764098273','7.5','4'),(151,'0',1,38,'38','6221236934263','9264','2'),(152,'18606',1,38,'38','6221236934264','9331','2'),(153,'0',1,39,'39','6221236934265','9398','6'),(154,'0',1,39,'39','725764098273','3.5','1'),(155,'0',1,39,'39','625764098273','7.5','2'),(156,'19008',1,39,'39','6221236934268','9599','3'),(157,'0',1,40,'40','6221236934269','9666','6'),(158,'0',1,40,'40','6221236934270','9733','2'),(159,'0',1,40,'40','6221236934271','9800','5'),(160,'39066',1,40,'40','6221236934272','9867','2'),(161,'0',1,41,'41','725764098273','3.5','3'),(162,'0',1,41,'41','625764098273','7.5','4'),(163,'0',1,41,'41','6221236934275','10068','2'),(164,'20214',1,41,'41','6221236934276','10135','6'),(165,'0',1,42,'42','625764098273','7.5','5'),(166,'0',1,42,'42','6221236934278','10269','2'),(167,'0',1,42,'42','6221236934279','10336','4'),(168,'31015.5',1,42,'42','6221236934280','10403','1'),(169,'0',1,43,'43','725764098273','3.5','3'),(170,'0',1,43,'43','6221236934282','10537','5'),(171,'0',1,43,'43','6221236934283','10604','2'),(172,'31815.5',1,43,'43','6221236934284','10671','2'),(173,'0',1,44,'44','1325764098273','12','6'),(174,'0',1,44,'44','6221236934286','10805','2'),(175,'0',1,44,'44','6221236934287','10872','2'),(176,'32628',1,44,'44','6221236934288','10939','5'),(177,'0',1,45,'45','225764098273','15','1'),(178,'0',1,45,'45','6221236934290','11073','5'),(179,'0',1,45,'45','6221236934291','11140','2'),(180,'33435',1,45,'45','6221236934292','11207','5'),(181,'0',1,46,'46','6221236934293','11274','4'),(182,'0',1,46,'46','725764098273','3.5','1'),(183,'0',1,46,'46','6221236934295','11408','1'),(184,'34160.5',1,46,'46','6221236934296','11475','6'),(185,'0',1,47,'47','6221236934297','11542','5'),(186,'0',1,47,'47','625764098273','7.5','6'),(187,'0',1,47,'47','6221236934299','11676','3'),(188,'34968.5',1,47,'47','6221236934300','11743','4'),(189,'0',1,48,'48','6221236934301','11810','5'),(190,'0',1,48,'48','425764098273','7','4'),(191,'0',1,48,'48','6221236934303','11944','3'),(192,'35772',1,48,'48','6221236934304','12011','4'),(193,'0',1,49,'49','6221236934305','12078','4'),(194,'0',1,49,'49','6221236934306','12145','2'),(195,'0',1,49,'49','6221236934307','12212','1'),(196,'48714',1,49,'49','6221236934308','12279','6'),(197,'0',1,50,'50','225764098273','15','2'),(198,'0',1,50,'50','6221236934310','12413','4'),(199,'0',1,50,'50','6221236934311','12480','4'),(200,'37455',1,50,'50','6221236934312','12547','6'),(201,'0',1,51,'51','1325764098273','12','2'),(202,'0',1,51,'51','225764098273','15','2'),(203,'0',1,51,'51','6221236934315','12748','4'),(204,'25590',1,51,'51','6221236934316','12815','1'),(205,'0',1,52,'52','1325764098273','12','1'),(206,'0',1,52,'52','225764098273','15','2'),(207,'0',1,52,'52','6221236934319','13016','2'),(208,'26126',1,52,'52','6221236934320','13083','3'),(209,'0',1,53,'53','1325764098273','12','4'),(210,'0',1,53,'53','225764098273','15','3'),(211,'0',1,53,'53','6221236934323','13284','4'),(212,'26662',1,53,'53','6221236934324','13351','4'),(213,'0',1,54,'54','1325764098273','12','5'),(214,'0',1,54,'54','225764098273','15','2'),(215,'0',1,54,'54','6221236934327','13552','4'),(216,'27198',1,54,'54','6221236934328','13619','6'),(217,'0',1,55,'55','6221236934329','13686','6'),(218,'0',1,55,'55','6221236934330','13753','3'),(219,'0',1,55,'55','6221236934331','13820','5'),(220,'55146',1,55,'55','6221236934332','13887','1'),(221,'0',1,56,'56','6221236934333','13954','6'),(222,'0',1,56,'56','6221236934334','14021','2'),(223,'0',1,56,'56','6221236934335','14088','2'),(224,'56218',1,56,'56','6221236934336','14155','4'),(225,'0',1,57,'57','6221236934337','14222','6'),(226,'0',1,57,'57','6221236934338','14289','1'),(227,'0',1,57,'57','6221236934339','14356','1'),(228,'57290',1,57,'57','6221236934340','14423','4'),(229,'0',1,58,'58','6221236934341','14490','3'),(230,'0',1,58,'58','6221236934342','14557','2'),(231,'0',1,58,'58','6221236934343','14624','1'),(232,'58362',1,58,'58','6221236934344','14691','6'),(233,'0',1,59,'59','6221236934345','14758','5'),(234,'0',1,59,'59','6221236934346','14825','2'),(235,'0',1,59,'59','6221236934347','14892','2'),(236,'59434',1,59,'59','6221236934348','14959','4'),(237,'0',1,60,'60','6221236934349','15026','1'),(238,'0',1,60,'60','6221236934350','15093','6'),(239,'0',1,60,'60','6221236934351','15160','4'),(240,'60506',1,60,'60','6221236934352','15227','5'),(241,'0',1,61,'61','6221236934353','15294','1'),(242,'0',1,61,'61','6221236934354','15361','1'),(243,'0',1,61,'61','6221236934355','15428','5'),(244,'61578',1,61,'61','6221236934356','15495','5'),(245,'0',1,62,'62','6221236934357','15562','6'),(246,'0',1,62,'62','6221236934358','15629','6'),(247,'0',1,62,'62','6221236934359','15696','6'),(248,'62650',1,62,'62','6221236934360','15763','5'),(249,'0',1,63,'63','6221236934361','15830','1'),(250,'0',1,63,'63','6221236934362','15897','4'),(251,'0',1,63,'63','6221236934363','15964','2'),(252,'63722',1,63,'63','6221236934364','16031','2'),(253,'0',1,64,'64','6221236934365','16098','2'),(254,'0',1,64,'64','6221236934366','16165','1'),(255,'0',1,64,'64','6221236934367','16232','1'),(256,'64794',1,64,'64','6221236934368','16299','4'),(257,'0',1,65,'65','6221236934369','16366','3'),(258,'0',1,65,'65','6221236934370','16433','6'),(259,'0',1,65,'65','6221236934371','16500','1'),(260,'65866',1,65,'65','6221236934372','16567','5'),(261,'0',1,66,'66','6221236934373','16634','1'),(262,'0',1,66,'66','6221236934374','16701','2'),(263,'0',1,66,'66','6221236934375','16768','1'),(264,'66938',1,66,'66','6221236934376','16835','1'),(265,'0',1,67,'67','6221236934377','16902','3'),(266,'0',1,67,'67','6221236934378','16969','1'),(267,'0',1,67,'67','6221236934379','17036','1'),(268,'68010',1,67,'67','6221236934380','17103','2'),(269,'0',1,68,'68','6221236934381','17170','4'),(270,'0',1,68,'68','6221236934382','17237','1'),(271,'0',1,68,'68','6221236934383','17304','1'),(272,'69082',1,68,'68','6221236934384','17371','1'),(273,'0',1,69,'69','6221236934385','17438','1'),(274,'0',1,69,'69','6221236934386','17505','1'),(275,'0',1,69,'69','6221236934387','17572','4'),(276,'70154',1,69,'69','6221236934388','17639','1'),(277,'0',1,70,'70','6221236934389','17706','1'),(278,'0',1,70,'70','6221236934390','17773','4'),(279,'0',1,70,'70','6221236934391','17840','6'),(280,'71226',1,70,'70','6221236934392','17907','3'),(281,'0',1,71,'71','6221236934393','17974','1'),(282,'0',1,71,'71','6221236934394','18041','1'),(283,'0',1,71,'71','6221236934395','18108','1'),(284,'72298',1,71,'71','6221236934396','18175','1'),(285,'0',1,72,'72','6221236934397','18242','1'),(286,'0',1,72,'72','6221236934398','18309','1'),(287,'0',1,72,'72','6221236934399','18376','2'),(288,'73370',1,72,'72','6221236934400','18443','5'),(289,'0',1,73,'73','6221236934401','18510','1'),(290,'0',1,73,'73','6221236934402','18577','3'),(291,'0',1,73,'73','6221236934403','18644','1'),(292,'74442',1,73,'73','6221236934404','18711','4'),(293,'0',1,74,'74','6221236934405','18778','5'),(294,'0',1,74,'74','6221236934406','18845','4'),(295,'0',1,74,'74','6221236934407','18912','3'),(296,'75514',1,74,'74','6221236934408','18979','3'),(297,'0',1,75,'75','6221236934409','19046','5'),(298,'0',1,75,'75','6221236934410','19113','4'),(299,'0',1,75,'75','6221236934411','19180','6'),(300,'76586',1,75,'75','6221236934412','19247','3'),(301,'0',1,76,'76','6221236934413','19314','1'),(302,'0',1,76,'76','6221236934414','19381','5'),(303,'0',1,76,'76','6221236934415','19448','3'),(304,'77658',1,76,'76','6221236934416','19515','3'),(305,'0',1,77,'77','6221236934417','19582','6'),(306,'0',1,77,'77','6221236934418','19649','5'),(307,'0',1,77,'77','6221236934419','19716','2'),(308,'78730',1,77,'77','6221236934420','19783','5'),(309,'0',1,78,'78','6221236934421','19850','3'),(310,'0',1,78,'78','6221236934422','19917','6'),(311,'0',1,78,'78','6221236934423','19984','3'),(312,'79802',1,78,'78','6221236934424','20051','5'),(313,'0',1,79,'79','6221236934425','20118','5'),(314,'0',1,79,'79','6221236934426','20185','3'),(315,'0',1,79,'79','6221236934427','20252','5'),(316,'80874',1,79,'79','6221236934428','20319','1'),(317,'0',1,80,'80','6221236934429','20386','1'),(318,'0',1,80,'80','6221236934430','20453','5'),(319,'0',1,80,'80','6221236934431','20520','5'),(320,'81946',1,80,'80','6221236934432','20587','4'),(321,'0',1,81,'81','6221236934433','20654','1'),(322,'0',1,81,'81','6221236934434','20721','3'),(323,'0',1,81,'81','6221236934435','20788','6'),(324,'83018',1,81,'81','6221236934436','20855','1'),(325,'0',1,82,'82','6221236934437','20922','5'),(326,'0',1,82,'82','6221236934438','20989','3'),(327,'0',1,82,'82','6221236934439','21056','4'),(328,'84090',1,82,'82','6221236934440','21123','4'),(329,'0',1,83,'83','6221236934441','21190','5'),(330,'0',1,83,'83','6221236934442','21257','1'),(331,'0',1,83,'83','6221236934443','21324','5'),(332,'85162',1,83,'83','6221236934444','21391','5'),(333,'0',1,84,'84','6221236934445','21458','5'),(334,'0',1,84,'84','6221236934446','21525','5'),(335,'0',1,84,'84','6221236934447','21592','5'),(336,'86234',1,84,'84','6221236934448','21659','5'),(337,'0',1,85,'85','6221236934449','21726','2'),(338,'0',1,85,'85','6221236934450','21793','6'),(339,'0',1,85,'85','6221236934451','21860','2'),(340,'87306',1,85,'85','6221236934452','21927','5'),(341,'0',1,86,'86','6221236934453','21994','2'),(342,'0',1,86,'86','6221236934454','22061','3'),(343,'0',1,86,'86','6221236934455','22128','5'),(344,'88378',1,86,'86','6221236934456','22195','4'),(345,'0',1,87,'87','6221236934457','22262','2'),(346,'0',1,87,'87','6221236934458','22329','6'),(347,'0',1,87,'87','6221236934459','22396','1'),(348,'89450',1,87,'87','6221236934460','22463','2'),(349,'0',1,88,'88','6221236934461','22530','2'),(350,'0',1,88,'88','6221236934462','22597','4'),(351,'0',1,88,'88','6221236934463','22664','2'),(352,'90522',1,88,'88','6221236934464','22731','3'),(353,'0',1,89,'89','6221236934465','22798','6'),(354,'0',1,89,'89','6221236934466','22865','5'),(355,'0',1,89,'89','6221236934467','22932','4'),(356,'91594',1,89,'89','6221236934468','22999','6'),(357,'0',1,90,'90','6221236934469','23066','3'),(358,'0',1,90,'90','6221236934470','23133','5'),(359,'0',1,90,'90','6221236934471','23200','6'),(360,'92666',1,90,'90','6221236934472','23267','2'),(361,'0',1,91,'91','6221236934473','23334','1'),(362,'0',1,91,'91','6221236934474','23401','5'),(363,'0',1,91,'91','6221236934475','23468','4'),(364,'93738',1,91,'91','6221236934476','23535','6'),(365,'0',1,92,'92','6221236934477','23602','1'),(366,'0',1,92,'92','6221236934478','23669','4'),(367,'0',1,92,'92','6221236934479','23736','4'),(368,'94810',1,92,'92','6221236934480','23803','6'),(369,'0',1,93,'93','6221236934481','23870','6'),(370,'0',1,93,'93','6221236934482','23937','2'),(371,'0',1,93,'93','6221236934483','24004','6'),(372,'95882',1,93,'93','6221236934484','24071','2'),(373,'0',1,94,'94','6221236934485','24138','5'),(374,'0',1,94,'94','6221236934486','24205','5'),(375,'0',1,94,'94','6221236934487','24272','4'),(376,'96954',1,94,'94','6221236934488','24339','4'),(377,'0',1,95,'95','6221236934489','24406','1'),(378,'0',1,95,'95','6221236934490','24473','2'),(379,'0',1,95,'95','6221236934491','24540','4'),(380,'98026',1,95,'95','6221236934492','24607','2'),(381,'0',1,96,'96','6221236934493','24674','3'),(382,'0',1,96,'96','6221236934494','24741','1'),(383,'0',1,96,'96','6221236934495','24808','3'),(384,'99098',1,96,'96','6221236934496','24875','3'),(385,'0',1,97,'97','6221236934497','24942','3'),(386,'0',1,97,'97','6221236934498','25009','3'),(387,'0',1,97,'97','6221236934499','25076','6'),(388,'100170',1,97,'97','6221236934500','25143','3'),(389,'0',1,98,'98','6221236934501','25210','2'),(390,'0',1,98,'98','6221236934502','25277','5'),(391,'0',1,98,'98','6221236934503','25344','2'),(392,'101242',1,98,'98','6221236934504','25411','1'),(393,'0',1,99,'99','6221236934505','25478','5'),(394,'0',1,99,'99','6221236934506','25545','3'),(395,'0',1,99,'99','6221236934507','25612','5'),(396,'102314',1,99,'99','6221236934508','25679','1'),(397,'0',1,100,'100','6221236934509','25746','3'),(398,'0',1,100,'100','6221236934510','25813','2'),(399,'0',1,100,'100','6221236934511','25880','1'),(400,'103386',1,100,'100','6221236934512','25947','3'),(401,'0',1,101,'101','6221236934513','26014','3'),(402,'0',1,101,'101','6221236934514','26081','6'),(403,'0',1,101,'101','6221236934515','26148','5'),(404,'104458',1,101,'101','6221236934516','26215','5'),(405,'0',1,102,'102','6221236934517','26282','1'),(406,'0',1,102,'102','6221236934518','26349','6'),(407,'0',1,102,'102','6221236934519','26416','6'),(408,'105530',1,102,'102','6221236934520','26483','1'),(409,'0',1,103,'103','6221236934521','26550','3'),(410,'0',1,103,'103','6221236934522','26617','6'),(411,'0',1,103,'103','6221236934523','26684','3'),(412,'106602',1,103,'103','6221236934524','26751','2'),(413,'0',1,104,'104','6221236934525','26818','1'),(414,'0',1,104,'104','6221236934526','26885','2'),(415,'0',1,104,'104','6221236934527','26952','1'),(416,'107674',1,104,'104','6221236934528','27019','2'),(417,'0',1,105,'105','6221236934529','27086','5'),(418,'0',1,105,'105','6221236934530','27153','5'),(419,'0',1,105,'105','6221236934531','27220','2'),(420,'108746',1,105,'105','6221236934532','27287','3'),(421,'0',1,106,'106','6221236934533','27354','1'),(422,'0',1,106,'106','6221236934534','27421','1'),(423,'0',1,106,'106','6221236934535','27488','6'),(424,'109818',2,106,'106','6221236934536','27555','6'),(425,'0',2,107,'107','6221236934537','27622','1'),(426,'0',2,107,'107','6221236934538','27689','2'),(427,'0',2,107,'107','6221236934539','27756','3'),(428,'110890',2,107,'107','6221236934540','27823','4'),(429,'0',2,108,'108','6221236934541','27890','6'),(430,'0',2,108,'108','6221236934542','27957','1'),(431,'0',2,108,'108','6221236934543','28024','6'),(432,'111962',2,108,'108','6221236934544','28091','4'),(433,'0',2,109,'109','6221236934545','28158','4'),(434,'0',2,109,'109','6221236934546','28225','1'),(435,'0',2,109,'109','6221236934547','28292','6'),(436,'113034',2,109,'109','6221236934548','28359','2'),(437,'0',2,110,'110','6221236934549','28426','3'),(438,'0',2,110,'110','6221236934550','28493','5'),(439,'0',2,110,'110','6221236934551','28560','4'),(440,'114106',2,110,'110','6221236934552','28627','6'),(441,'0',2,111,'111','6221236934553','28694','5'),(442,'0',2,111,'111','6221236934554','28761','2'),(443,'0',2,111,'111','6221236934555','28828','6'),(444,'115178',2,111,'111','6221236934556','28895','2'),(445,'0',2,112,'112','6221236934557','28962','3'),(446,'0',2,112,'112','6221236934558','29029','5'),(447,'0',2,112,'112','6221236934559','29096','2'),(448,'116250',2,112,'112','6221236934560','29163','2'),(449,'0',2,113,'113','6221236934561','29230','2'),(450,'0',2,113,'113','6221236934562','29297','3'),(451,'0',2,113,'113','6221236934563','29364','2'),(452,'117322',2,113,'113','6221236934564','29431','2'),(453,'0',2,114,'114','6221236934565','29498','1'),(454,'0',2,114,'114','6221236934566','29565','6'),(455,'0',2,114,'114','6221236934567','29632','4'),(456,'118394',2,114,'114','6221236934568','29699','4'),(457,'0',2,115,'115','6221236934569','29766','4'),(458,'0',2,115,'115','6221236934570','29833','5'),(459,'0',2,115,'115','6221236934571','29900','3'),(460,'119466',2,115,'115','6221236934572','29967','2'),(461,'0',2,116,'116','6221236934573','30034','3'),(462,'0',2,116,'116','6221236934574','30101','6'),(463,'0',2,116,'116','6221236934575','30168','5'),(464,'120538',2,116,'116','6221236934576','30235','3'),(465,'0',2,117,'117','6221236934577','30302','1'),(466,'0',2,117,'117','6221236934578','30369','2'),(467,'0',2,117,'117','6221236934579','30436','1'),(468,'121610',2,117,'117','6221236934580','30503','4'),(469,'0',2,118,'118','6221236934581','30570','2'),(470,'0',2,118,'118','6221236934582','30637','1'),(471,'0',2,118,'118','6221236934583','30704','6'),(472,'122682',2,118,'118','6221236934584','30771','6'),(473,'0',2,119,'119','6221236934585','30838','3'),(474,'0',2,119,'119','6221236934586','30905','6'),(475,'0',2,119,'119','6221236934587','30972','1'),(476,'123754',2,119,'119','6221236934588','31039','4'),(477,'0',2,120,'120','6221236934589','31106','5'),(478,'0',2,120,'120','6221236934590','31173','3'),(479,'0',2,120,'120','6221236934591','31240','5'),(480,'124826',2,120,'120','6221236934592','31307','1'),(481,'0',2,121,'121','6221236934593','31374','6'),(482,'0',2,121,'121','6221236934594','31441','3'),(483,'0',2,121,'121','6221236934595','31508','6'),(484,'125898',2,121,'121','6221236934596','31575','1'),(485,'0',2,122,'122','6221236934597','31642','3'),(486,'0',2,122,'122','6221236934598','31709','6'),(487,'0',2,122,'122','6221236934599','31776','6'),(488,'126970',2,122,'122','6221236934600','31843','5'),(489,'0',2,123,'123','6221236934601','31910','6'),(490,'0',2,123,'123','6221236934602','31977','1'),(491,'0',2,123,'123','6221236934603','32044','2'),(492,'128042',2,123,'123','6221236934604','32111','1'),(493,'0',2,124,'124','6221236934605','32178','3'),(494,'0',2,124,'124','6221236934606','32245','2'),(495,'0',2,124,'124','6221236934607','32312','5'),(496,'129114',2,124,'124','6221236934608','32379','5'),(497,'0',2,125,'125','6221236934609','32446','2'),(498,'0',2,125,'125','6221236934610','32513','3'),(499,'0',2,125,'125','6221236934611','32580','1'),(500,'130186',2,125,'125','6221236934612','32647','1'),(501,'0',2,126,'126','6221236934613','32714','2'),(502,'0',2,126,'126','6221236934614','32781','1'),(503,'0',2,126,'126','6221236934615','32848','1'),(504,'131258',2,126,'126','6221236934616','32915','4'),(505,'0',2,127,'127','6221236934617','32982','5'),(506,'0',2,127,'127','6221236934618','33049','6'),(507,'0',2,127,'127','6221236934619','33116','4'),(508,'132330',2,127,'127','6221236934620','33183','4'),(509,'0',2,128,'128','6221236934621','33250','4'),(510,'0',2,128,'128','6221236934622','33317','3'),(511,'0',2,128,'128','6221236934623','33384','5'),(512,'133402',2,128,'128','6221236934624','33451','6'),(513,'0',2,129,'129','6221236934625','33518','6'),(514,'0',2,129,'129','6221236934626','33585','4'),(515,'0',2,129,'129','6221236934627','33652','1'),(516,'134474',2,129,'129','6221236934628','33719','6'),(517,'0',2,130,'130','6221236934629','33786','5'),(518,'0',2,130,'130','6221236934630','33853','1'),(519,'0',2,130,'130','6221236934631','33920','4'),(520,'135546',2,130,'130','6221236934632','33987','3'),(521,'0',2,131,'131','6221236934633','34054','1'),(522,'0',2,131,'131','6221236934634','34121','6'),(523,'0',2,131,'131','6221236934635','34188','5'),(524,'136618',2,131,'131','6221236934636','34255','4'),(525,'0',2,132,'132','6221236934637','34322','1'),(526,'0',2,132,'132','6221236934638','34389','3'),(527,'0',2,132,'132','6221236934639','34456','6'),(528,'137690',2,132,'132','6221236934640','34523','5'),(529,'0',2,133,'133','6221236934641','34590','6'),(530,'0',2,133,'133','6221236934642','34657','1'),(531,'0',2,133,'133','6221236934643','34724','4'),(532,'138762',2,133,'133','6221236934644','34791','1'),(533,'0',2,134,'134','6221236934645','34858','6'),(534,'0',2,134,'134','6221236934646','34925','1'),(535,'0',2,134,'134','6221236934647','34992','5'),(536,'139834',2,134,'134','6221236934648','35059','3'),(537,'0',2,135,'135','6221236934649','35126','2'),(538,'0',2,135,'135','6221236934650','35193','1'),(539,'0',2,135,'135','6221236934651','35260','3'),(540,'140906',2,135,'135','6221236934652','35327','3'),(541,'0',2,136,'136','6221236934653','35394','3'),(542,'0',2,136,'136','6221236934654','35461','2'),(543,'0',2,136,'136','6221236934655','35528','4'),(544,'141978',2,136,'136','6221236934656','35595','1'),(545,'0',2,137,'137','6221236934657','35662','4'),(546,'0',2,137,'137','6221236934658','35729','1'),(547,'0',2,137,'137','6221236934659','35796','5'),(548,'143050',2,137,'137','6221236934660','35863','6'),(549,'0',2,138,'138','6221236934661','35930','1'),(550,'0',2,138,'138','6221236934662','35997','2'),(551,'0',2,138,'138','6221236934663','36064','2'),(552,'144122',2,138,'138','6221236934664','36131','1'),(553,'0',2,139,'139','6221236934665','36198','3'),(554,'0',2,139,'139','6221236934666','36265','4'),(555,'0',2,139,'139','6221236934667','36332','4'),(556,'145194',2,139,'139','6221236934668','36399','5'),(557,'0',2,140,'140','6221236934669','36466','1'),(558,'0',2,140,'140','6221236934670','36533','1'),(559,'0',2,140,'140','6221236934671','36600','5'),(560,'146266',2,140,'140','6221236934672','36667','6'),(561,'0',2,141,'141','6221236934673','36734','1'),(562,'0',2,141,'141','6221236934674','36801','3'),(563,'0',2,141,'141','6221236934675','36868','5'),(564,'147338',2,141,'141','6221236934676','36935','6'),(565,'0',2,142,'142','6221236934677','37002','3'),(566,'0',2,142,'142','6221236934678','37069','5'),(567,'0',2,142,'142','6221236934679','37136','1'),(568,'148410',2,142,'142','6221236934680','37203','3'),(569,'0',2,143,'143','6221236934681','37270','5'),(570,'0',2,143,'143','6221236934682','37337','4'),(571,'0',2,143,'143','6221236934683','37404','1'),(572,'149482',2,143,'143','6221236934684','37471','5'),(573,'0',2,144,'144','6221236934685','37538','3'),(574,'0',2,144,'144','6221236934686','37605','4'),(575,'0',2,144,'144','6221236934687','37672','4'),(576,'150554',2,144,'144','6221236934688','37739','6'),(577,'0',2,145,'145','6221236934689','37806','2'),(578,'0',2,145,'145','6221236934690','37873','4'),(579,'0',2,145,'145','6221236934691','37940','4'),(580,'151626',2,145,'145','6221236934692','38007','4'),(581,'0',2,146,'146','6221236934693','38074','3'),(582,'0',2,146,'146','6221236934694','38141','1'),(583,'0',2,146,'146','6221236934695','38208','6'),(584,'152698',2,146,'146','6221236934696','38275','2'),(585,'0',2,147,'147','6221236934697','38342','4'),(586,'0',2,147,'147','6221236934698','38409','3'),(587,'0',2,147,'147','6221236934699','38476','4'),(588,'153770',2,147,'147','6221236934700','38543','5'),(589,'0',2,148,'148','6221236934701','38610','3'),(590,'0',2,148,'148','6221236934702','38677','6'),(591,'0',2,148,'148','6221236934703','38744','2'),(592,'154842',2,148,'148','6221236934704','38811','2'),(593,'0',2,149,'149','6221236934705','38878','4'),(594,'0',2,149,'149','6221236934706','38945','4'),(595,'0',2,149,'149','6221236934707','39012','1'),(596,'155914',2,149,'149','6221236934708','39079','4'),(597,'0',2,150,'150','6221236934709','39146','6'),(598,'0',2,150,'150','6221236934710','39213','1'),(599,'0',2,150,'150','6221236934711','39280','1'),(600,'156986',2,150,'150','6221236934712','39347','3'),(1002,'0',1,8,'151','8888202026828','12','1'),(1003,'34',1,8,'151','225764098273','22','1'),(1004,'0',1,8,'152','8888202026828','12','1'),(1005,'34',1,8,'152','225764098273','22','1');
/*!40000 ALTER TABLE `receipt` ENABLE KEYS */;
UNLOCK TABLES;

--
-- Table structure for table `sale`
--

DROP TABLE IF EXISTS `sale`;
/*!40101 SET @saved_cs_client     = @@character_set_client */;
/*!40101 SET character_set_client = utf8 */;
CREATE TABLE `sale` (
  `idsale` int(11) NOT NULL AUTO_INCREMENT,
  `productname` varchar(255) NOT NULL,
  `description` varchar(255) NOT NULL,
  PRIMARY KEY (`idsale`)
) ENGINE=InnoDB AUTO_INCREMENT=14 DEFAULT CHARSET=utf8;
/*!40101 SET character_set_client = @saved_cs_client */;

--
-- Dumping data for table `sale`
--

LOCK TABLES `sale` WRITE;
/*!40000 ALTER TABLE `sale` DISABLE KEYS */;
INSERT INTO `sale` VALUES (1,'mintra note','2notes+1 free'),(3,'handfree',' lenovo handfreevHas 30% sale '),(4,'notebook','3 notes +pen + rubber free'),(5,'orange joice ','12 packets with 1 litter with price 258 LE (sale 40%)'),(6,'pencil','graphit e 777-medical pencil 0.5 Mmm-green with price 18 LE'),(7,'pen ','Pack of 6 Gel Pen - Black - 0.5 with price 18 LE(sale 30%)'),(8,'Robust Golden Unsweetened Oolong Tea','buy one and take one free'),(9,'Smart Ones Classic Favorites Mini Rigatoni With Vodka Cream Sauce','2 Packs + 1 Free'),(10,'Smart Ones Classic Favorites Mini Rigatoni With Vodka Cream Sauce','buy one and take one free'),(11,'Fresh Scent Dishwasher Cleaner','20% sale'),(12,'Pizza for One Suprema  Frozen Pizza','30% sale '),(13,'noproduct','nosale');
/*!40000 ALTER TABLE `sale` ENABLE KEYS */;
UNLOCK TABLES;
/*!40103 SET TIME_ZONE=@OLD_TIME_ZONE */;

/*!40101 SET SQL_MODE=@OLD_SQL_MODE */;
/*!40014 SET FOREIGN_KEY_CHECKS=@OLD_FOREIGN_KEY_CHECKS */;
/*!40014 SET UNIQUE_CHECKS=@OLD_UNIQUE_CHECKS */;
/*!40101 SET CHARACTER_SET_CLIENT=@OLD_CHARACTER_SET_CLIENT */;
/*!40101 SET CHARACTER_SET_RESULTS=@OLD_CHARACTER_SET_RESULTS */;
/*!40101 SET COLLATION_CONNECTION=@OLD_COLLATION_CONNECTION */;
/*!40111 SET SQL_NOTES=@OLD_SQL_NOTES */;

-- Dump completed on 2018-06-27 23:35:53
